代號,簡稱,市場別,產業別,更新日
1101,台泥,上市,水泥工業,2025-07-11 02:58
1102,亞泥,上市,水泥工業,2025-07-11 02:58
1103,嘉泥,上市,水泥工業,2025-07-11 02:58
1104,環泥,上市,水泥工業,2025-07-11 02:58
1108,幸福,上市,水泥工業,2025-07-11 02:58
1109,信大,上市,水泥工業,2025-07-11 02:58
1110,東泥,上市,水泥工業,2025-07-11 02:58
1201,味全,上市,食品工業,2025-07-11 02:58
1203,味王,上市,食品工業,2025-07-11 02:58
1210,大成,上市,食品工業,2025-07-11 02:58
1213,大飲,上市,食品工業,2025-07-11 02:58
1215,卜蜂,上市,食品工業,2025-07-11 02:58
1216,統一,上市,食品工業,2025-07-11 02:58
1217,愛之味,上市,食品工業,2025-07-11 02:58
1218,泰山,上市,食品工業,2025-07-11 02:58
1219,福壽,上市,食品工業,2025-07-11 02:58
1220,台榮,上市,食品工業,2025-07-11 02:58
1225,福懋油,上市,食品工業,2025-07-11 02:58
1227,佳格,上市,食品工業,2025-07-11 02:58
1229,聯華,上市,食品工業,2025-07-11 02:58
1231,聯華食,上市,食品工業,2025-07-11 02:58
1232,大統益,上市,食品工業,2025-07-11 02:58
1233,天仁,上市,食品工業,2025-07-11 02:58
1234,黑松,上市,食品工業,2025-07-11 02:58
1235,興泰,上市,食品工業,2025-07-11 02:58
1236,宏亞,上市,食品工業,2025-07-11 02:58
1240,茂生農經,上櫃,農業科技業,2025-07-11 02:58
1256,鮮活果汁-KY,上市,食品工業,2025-07-11 02:58
1259,安心,上櫃,觀光餐旅,2025-07-11 02:58
1264,德麥,上櫃,食品工業,2025-07-11 02:58
1268,漢來美食,上櫃,觀光餐旅,2025-07-11 02:58
1294,漢田生技,上櫃,食品工業,2025-07-11 02:58
1295,生合,上櫃,食品工業,2025-07-11 02:58
1301,台塑,上市,塑膠工業,2025-07-11 02:58
1303,南亞,上市,塑膠工業,2025-07-11 02:58
1304,台聚,上市,塑膠工業,2025-07-11 02:58
1305,華夏,上市,塑膠工業,2025-07-11 02:58
1307,三芳,上市,塑膠工業,2025-07-11 02:58
1308,亞聚,上市,塑膠工業,2025-07-11 02:58
1309,台達化,上市,塑膠工業,2025-07-11 02:58
1310,台苯,上市,塑膠工業,2025-07-11 02:58
1312,國喬,上市,塑膠工業,2025-07-11 02:58
1313,聯成,上市,塑膠工業,2025-07-11 02:58
1314,中石化,上市,塑膠工業,2025-07-11 02:58
1315,達新,上市,塑膠工業,2025-07-11 02:58
1316,上曜,上市,建材營造業,2025-07-11 02:58
1319,東陽,上市,汽車工業,2025-07-11 02:58
1321,大洋,上市,塑膠工業,2025-07-11 02:58
1323,永裕,上市,塑膠工業,2025-07-11 02:58
1324,地球,上市,塑膠工業,2025-07-11 02:58
1325,恆大,上市,塑膠工業,2025-07-11 02:58
1326,台化,上市,塑膠工業,2025-07-11 02:58
1336,台翰,上櫃,電子零組件業,2025-07-11 02:58
1337,再生-KY,上市,塑膠工業,2025-07-11 02:58
1338,廣華-KY,上市,汽車工業,2025-07-11 02:58
1339,昭輝,上市,汽車工業,2025-07-11 02:58
1340,勝悅-KY,上市,塑膠工業,2025-07-11 02:58
1341,富林-KY,上市,塑膠工業,2025-07-11 02:58
1342,八貫,上市,其他業,2025-07-11 02:58
1402,遠東新,上市,紡織纖維,2025-07-11 02:58
1409,新纖,上市,紡織纖維,2025-07-11 02:58
1410,南染,上市,紡織纖維,2025-07-11 02:58
1413,宏洲,上市,紡織纖維,2025-07-11 02:58
1414,東和,上市,紡織纖維,2025-07-11 02:58
1416,廣豐,上市,其他業,2025-07-11 02:58
1417,嘉裕,上市,紡織纖維,2025-07-11 02:58
1418,東華,上市,紡織纖維,2025-07-11 02:58
1419,新紡,上市,紡織纖維,2025-07-11 02:58
1423,利華,上市,紡織纖維,2025-07-11 02:58
1432,大魯閣,上市,運動休閒,2025-07-11 02:58
1434,福懋,上市,紡織纖維,2025-07-11 02:58
1435,中福,上市,其他業,2025-07-11 02:58
1436,華友聯,上市,建材營造業,2025-07-11 02:58
1437,勤益控,上市,其他業,2025-07-11 02:58
1438,三地開發,上市,建材營造業,2025-07-11 02:58
1439,雋揚,上市,建材營造業,2025-07-11 02:58
1440,南紡,上市,紡織纖維,2025-07-11 02:58
1441,大東,上市,紡織纖維,2025-07-11 02:58
1442,名軒,上市,建材營造業,2025-07-11 02:58
1443,立益物流,上市,其他業,2025-07-11 02:58
1444,力麗,上市,紡織纖維,2025-07-11 02:58
1445,大宇,上市,紡織纖維,2025-07-11 02:58
1446,宏和,上市,紡織纖維,2025-07-11 02:58
1447,力鵬,上市,紡織纖維,2025-07-11 02:58
1449,佳和,上市,紡織纖維,2025-07-11 02:58
1451,年興,上市,紡織纖維,2025-07-11 02:58
1452,宏益,上市,紡織纖維,2025-07-11 02:58
1453,大將,上市,建材營造業,2025-07-11 02:58
1454,台富,上市,紡織纖維,2025-07-11 02:58
1455,集盛,上市,紡織纖維,2025-07-11 02:58
1456,怡華,上市,建材營造業,2025-07-11 02:58
1457,宜進,上市,紡織纖維,2025-07-11 02:58
1459,聯發,上市,紡織纖維,2025-07-11 02:58
1460,宏遠,上市,紡織纖維,2025-07-11 02:58
1463,強盛新,上市,紡織纖維,2025-07-11 02:58
1464,得力,上市,紡織纖維,2025-07-11 02:58
1465,偉全,上市,紡織纖維,2025-07-11 02:58
1466,聚隆,上市,紡織纖維,2025-07-11 02:58
1467,南緯,上市,紡織纖維,2025-07-11 02:58
1468,昶和,上市,紡織纖維,2025-07-11 02:58
1470,大統新創,上市,紡織纖維,2025-07-11 02:58
1471,首利,上市,電子零組件業,2025-07-11 02:58
1472,三洋實業,上市,建材營造業,2025-07-11 02:58
1473,台南,上市,紡織纖維,2025-07-11 02:58
1474,弘裕,上市,紡織纖維,2025-07-11 02:58
1475,業旺,上市,紡織纖維,2025-07-11 02:58
1476,儒鴻,上市,紡織纖維,2025-07-11 02:58
1477,聚陽,上市,紡織纖維,2025-07-11 02:58
1503,士電,上市,電機機械,2025-07-11 02:58
1504,東元,上市,電機機械,2025-07-11 02:58
1506,正道,上市,電機機械,2025-07-11 02:58
1512,瑞利,上市,汽車工業,2025-07-11 02:58
1513,中興電,上市,電機機械,2025-07-11 02:58
1514,亞力,上市,電機機械,2025-07-11 02:58
1515,力山,上市,電機機械,2025-07-11 02:58
1516,川飛,上市,其他業,2025-07-11 02:58
1517,利奇,上市,電機機械,2025-07-11 02:58
1519,華城,上市,電機機械,2025-07-11 02:58
1521,大億,上市,汽車工業,2025-07-11 02:58
1522,堤維西,上市,汽車工業,2025-07-11 02:58
1524,耿鼎,上市,汽車工業,2025-07-11 02:58
1525,江申,上市,汽車工業,2025-07-11 02:58
1526,日馳,上市,電機機械,2025-07-11 02:58
1527,鑽全,上市,電機機械,2025-07-11 02:58
1528,恩德,上市,電機機械,2025-07-11 02:58
1529,樂事綠能,上市,電機機械,2025-07-11 02:58
1530,亞崴,上市,電機機械,2025-07-11 02:58
1531,高林股,上市,電機機械,2025-07-11 02:58
1532,勤美,上市,電機機械,2025-07-11 02:58
1533,車王電,上市,汽車工業,2025-07-11 02:58
1535,中宇,上市,電機機械,2025-07-11 02:58
1536,和大,上市,汽車工業,2025-07-11 02:58
1537,廣隆,上市,電機機械,2025-07-11 02:58
1538,正峰,上市,電機機械,2025-07-11 02:58
1539,巨庭,上市,電機機械,2025-07-11 02:58
1540,喬福,上市,電機機械,2025-07-11 02:58
1541,錩泰,上市,電機機械,2025-07-11 02:58
1558,伸興,上市,電機機械,2025-07-11 02:58
1560,中砂,上市,電機機械,2025-07-11 02:58
1563,巧新,上市,汽車工業,2025-07-11 02:58
1565,精華,上櫃,生技醫療業,2025-07-11 02:58
1568,倉佑,上市,汽車工業,2025-07-11 02:58
1569,濱川,上櫃,電腦及週邊設備業,2025-07-11 02:58
1570,力肯,上櫃,電機機械,2025-07-11 02:58
1580,新麥,上櫃,電機機械,2025-07-11 02:58
1582,信錦,上市,電子零組件業,2025-07-11 02:58
1583,程泰,上市,電機機械,2025-07-11 02:58
1584,精剛,上櫃,其他業,2025-07-11 02:58
1586,和勤,上櫃,電機機械,2025-07-11 02:58
1587,吉茂,上市,汽車工業,2025-07-11 02:58
1589,永冠-KY,上市,電機機械,2025-07-11 02:58
1590,亞德客-KY,上市,電機機械,2025-07-11 02:58
1591,駿吉-KY,上櫃,電機機械,2025-07-11 02:58
1593,祺驊,上櫃,運動休閒,2025-07-11 02:58
1595,川寶,上櫃,電子零組件業,2025-07-11 02:58
1597,直得,上市,電機機械,2025-07-11 02:58
1598,岱宇,上市,運動休閒,2025-07-11 02:58
1599,宏佳騰,上櫃,電機機械,2025-07-11 02:58
1603,華電,上市,電器電纜,2025-07-11 02:58
1604,聲寶,上市,電器電纜,2025-07-11 02:58
1605,華新,上市,電器電纜,2025-07-11 02:58
1608,華榮,上市,電器電纜,2025-07-11 02:58
1609,大亞,上市,電器電纜,2025-07-11 02:58
1611,中電,上市,電器電纜,2025-07-11 02:58
1612,宏泰,上市,電器電纜,2025-07-11 02:58
1614,三洋電,上市,電器電纜,2025-07-11 02:58
1615,大山,上市,電器電纜,2025-07-11 02:58
1616,億泰,上市,電器電纜,2025-07-11 02:58
1617,榮星,上市,電器電纜,2025-07-11 02:58
1618,合機,上市,電器電纜,2025-07-11 02:58
1626,艾美特-KY,上市,電器電纜,2025-07-11 02:58
1702,南僑,上市,食品工業,2025-07-11 02:58
1707,葡萄王,上市,生技醫療業,2025-07-11 02:58
1708,東鹼,上市,化學工業,2025-07-11 02:58
1709,和益,上市,化學工業,2025-07-11 02:58
1710,東聯,上市,化學工業,2025-07-11 02:58
1711,永光,上市,化學工業,2025-07-11 02:58
1712,興農,上市,化學工業,2025-07-11 02:58
1713,國化,上市,化學工業,2025-07-11 02:58
1714,和桐,上市,化學工業,2025-07-11 02:58
1717,長興,上市,化學工業,2025-07-11 02:58
1718,中纖,上市,化學工業,2025-07-11 02:58
1720,生達,上市,生技醫療業,2025-07-11 02:58
1721,三晃,上市,化學工業,2025-07-11 02:58
1722,台肥,上市,化學工業,2025-07-11 02:58
1723,中碳,上市,化學工業,2025-07-11 02:58
1725,元禎,上市,化學工業,2025-07-11 02:58
1726,永記,上市,化學工業,2025-07-11 02:58
1727,中華化,上市,化學工業,2025-07-11 02:58
1730,花仙子,上市,化學工業,2025-07-11 02:58
1731,美吾華,上市,生技醫療業,2025-07-11 02:58
1732,毛寶,上市,化學工業,2025-07-11 02:58
1733,五鼎,上市,生技醫療業,2025-07-11 02:58
1734,杏輝,上市,生技醫療業,2025-07-11 02:58
1735,日勝化,上市,化學工業,2025-07-11 02:58
1736,喬山,上市,運動休閒,2025-07-11 02:58
1737,臺鹽,上市,食品工業,2025-07-11 02:58
1742,台蠟,上櫃,化學工業,2025-07-11 02:58
1752,南光,上市,生技醫療業,2025-07-11 02:58
1760,寶齡富錦,上市,生技醫療業,2025-07-11 02:58
1762,中化生,上市,生技醫療業,2025-07-11 02:58
1773,勝一,上市,化學工業,2025-07-11 02:58
1776,展宇,上市,化學工業,2025-07-11 02:58
1777,生泰,上櫃,生技醫療業,2025-07-11 02:58
1781,合世,上櫃,生技醫療業,2025-07-11 02:58
1783,和康生,上市,生技醫療業,2025-07-11 02:58
1784,訊聯,上櫃,生技醫療業,2025-07-11 02:58
1785,光洋科,上櫃,其他電子業,2025-07-11 02:58
1786,科妍,上市,生技醫療業,2025-07-11 02:58
1788,杏昌,上櫃,生技醫療業,2025-07-11 02:58
1789,神隆,上市,生技醫療業,2025-07-11 02:58
1795,美時,上市,生技醫療業,2025-07-11 02:58
1796,金穎生技,上櫃,食品工業,2025-07-11 02:58
1799,易威,上櫃,生技醫療業,2025-07-11 02:58
1802,台玻,上市,玻璃陶瓷,2025-07-11 02:58
1805,寶徠,上市,建材營造業,2025-07-11 02:58
1806,冠軍,上市,玻璃陶瓷,2025-07-11 02:58
1808,潤隆,上市,建材營造業,2025-07-11 02:58
1809,中釉,上市,玻璃陶瓷,2025-07-11 02:58
1810,和成,上市,玻璃陶瓷,2025-07-11 02:58
1813,寶利徠,上櫃,生技醫療業,2025-07-11 02:58
1815,富喬,上櫃,電子零組件業,2025-07-11 02:58
1817,凱撒衛,上市,玻璃陶瓷,2025-07-11 02:58
1903,士紙,上市,造紙工業,2025-07-11 02:58
1904,正隆,上市,造紙工業,2025-07-11 02:58
1905,華紙,上市,造紙工業,2025-07-11 02:58
1906,寶隆,上市,造紙工業,2025-07-11 02:58
1907,永豐餘,上市,造紙工業,2025-07-11 02:58
1909,榮成,上市,造紙工業,2025-07-11 02:58
2002,中鋼,上市,鋼鐵工業,2025-07-11 02:58
2006,東和鋼鐵,上市,鋼鐵工業,2025-07-11 02:58
2007,燁興,上市,鋼鐵工業,2025-07-11 02:58
2008,高興昌,上市,鋼鐵工業,2025-07-11 02:58
2009,第一銅,上市,鋼鐵工業,2025-07-11 02:58
2010,春源,上市,鋼鐵工業,2025-07-11 02:58
2012,春雨,上市,鋼鐵工業,2025-07-11 02:58
2013,中鋼構,上市,鋼鐵工業,2025-07-11 02:58
2014,中鴻,上市,鋼鐵工業,2025-07-11 02:58
2015,豐興,上市,鋼鐵工業,2025-07-11 02:58
2017,官田鋼,上市,鋼鐵工業,2025-07-11 02:58
2020,美亞,上市,鋼鐵工業,2025-07-11 02:58
2022,聚亨,上市,鋼鐵工業,2025-07-11 02:58
2023,燁輝,上市,鋼鐵工業,2025-07-11 02:58
2024,志聯,上市,鋼鐵工業,2025-07-11 02:58
2025,千興,上市,鋼鐵工業,2025-07-11 02:58
2027,大成鋼,上市,鋼鐵工業,2025-07-11 02:58
2028,威致,上市,鋼鐵工業,2025-07-11 02:58
2029,盛餘,上市,鋼鐵工業,2025-07-11 02:58
2030,彰源,上市,鋼鐵工業,2025-07-11 02:58
2031,新光鋼,上市,鋼鐵工業,2025-07-11 02:58
2032,新鋼,上市,鋼鐵工業,2025-07-11 02:58
2033,佳大,上市,鋼鐵工業,2025-07-11 02:58
2034,允強,上市,鋼鐵工業,2025-07-11 02:58
2035,唐榮,上櫃,鋼鐵工業,2025-07-11 02:58
2038,海光,上市,鋼鐵工業,2025-07-11 02:58
2049,上銀,上市,電機機械,2025-07-11 02:58
2059,川湖,上市,電子零組件業,2025-07-11 02:58
2061,風青,上櫃,電器電纜,2025-07-11 02:58
2062,橋椿,上市,居家生活,2025-07-11 02:58
2063,世鎧,上櫃,鋼鐵工業,2025-07-11 02:58
2064,晉椿,上櫃,鋼鐵工業,2025-07-11 02:58
2065,世豐,上櫃,鋼鐵工業,2025-07-11 02:58
2066,世德,上櫃,電機機械,2025-07-11 02:58
2067,嘉鋼,上櫃,電機機械,2025-07-11 02:58
2069,運錩,上市,鋼鐵工業,2025-07-11 02:58
2070,精湛,上櫃,電機機械,2025-07-11 02:58
2073,雄順,上櫃,鋼鐵工業,2025-07-11 02:58
2101,南港,上市,橡膠工業,2025-07-11 02:58
2102,泰豐,上市,橡膠工業,2025-07-11 02:58
2103,台橡,上市,橡膠工業,2025-07-11 02:58
2104,國際中橡,上市,橡膠工業,2025-07-11 02:58
2105,正新,上市,橡膠工業,2025-07-11 02:58
2106,建大,上市,橡膠工業,2025-07-11 02:58
2107,厚生,上市,橡膠工業,2025-07-11 02:58
2108,南帝,上市,橡膠工業,2025-07-11 02:58
2109,華豐,上市,橡膠工業,2025-07-11 02:58
2114,鑫永銓,上市,橡膠工業,2025-07-11 02:58
2115,六暉-KY,上市,汽車工業,2025-07-11 02:58
2201,裕隆,上市,汽車工業,2025-07-11 02:58
2204,中華,上市,汽車工業,2025-07-11 02:58
2206,三陽工業,上市,汽車工業,2025-07-11 02:58
2207,和泰車,上市,汽車工業,2025-07-11 02:58
2208,台船,上市,航運業,2025-07-11 02:58
2211,長榮鋼,上市,鋼鐵工業,2025-07-11 02:58
2221,大甲,上櫃,其他業,2025-07-11 02:58
2227,裕日車,上市,汽車工業,2025-07-11 02:58
2228,劍麟,上市,汽車工業,2025-07-11 02:58
2230,泰茂,上櫃,電機機械,2025-07-11 02:58
2231,為升,上市,汽車工業,2025-07-11 02:58
2233,宇隆,上市,汽車工業,2025-07-11 02:58
2235,謚源,上櫃,電機機械,2025-07-11 02:58
2236,百達-KY,上市,汽車工業,2025-07-11 02:58
2239,英利-KY,上市,汽車工業,2025-07-11 02:58
2241,艾姆勒,上市,汽車工業,2025-07-11 02:58
2243,宏旭-KY,上市,汽車工業,2025-07-11 02:58
2247,汎德永業,上市,汽車工業,2025-07-11 02:58
2248,華勝-KY,上市,汽車工業,2025-07-11 02:58
2250,IKKA-KY,上市,汽車工業,2025-07-11 02:58
2301,光寶科,上市,電腦及週邊設備業,2025-07-11 02:58
2302,麗正,上市,半導體業,2025-07-11 02:58
2303,聯電,上市,半導體業,2025-07-11 02:58
2305,全友,上市,電腦及週邊設備業,2025-07-11 02:58
2308,台達電,上市,電子零組件業,2025-07-11 02:58
2312,金寶,上市,其他電子業,2025-07-11 02:58
2313,華通,上市,電子零組件業,2025-07-11 02:58
2314,台揚,上市,通信網路業,2025-07-11 02:58
2316,楠梓電,上市,電子零組件業,2025-07-11 02:58
2317,鴻海,上市,其他電子業,2025-07-11 02:58
2321,東訊,上市,通信網路業,2025-07-11 02:58
2323,中環,上市,光電業,2025-07-11 02:58
2324,仁寶,上市,電腦及週邊設備業,2025-07-11 02:58
2327,國巨,上市,電子零組件業,2025-07-11 02:58
2328,廣宇,上市,電子零組件業,2025-07-11 02:58
2329,華泰,上市,半導體業,2025-07-11 02:58
2330,台積電,上市,半導體業,2025-07-11 02:58
2331,精英,上市,電腦及週邊設備業,2025-07-11 02:58
2332,友訊,上市,通信網路業,2025-07-11 02:58
2337,旺宏,上市,半導體業,2025-07-11 02:58
2338,光罩,上市,半導體業,2025-07-11 02:58
2340,台亞,上市,半導體業,2025-07-11 02:58
2342,茂矽,上市,半導體業,2025-07-11 02:58
2344,華邦電,上市,半導體業,2025-07-11 02:58
2345,智邦,上市,通信網路業,2025-07-11 02:58
2347,聯強,上市,電子通路業,2025-07-11 02:58
2348,海悅,上市,其他業,2025-07-11 02:58
2349,錸德,上市,光電業,2025-07-11 02:58
2351,順德,上市,半導體業,2025-07-11 02:58
2352,佳世達,上市,電腦及週邊設備業,2025-07-11 02:58
2353,宏��,上市,電腦及週邊設備業,2025-07-11 02:58
2354,鴻準,上市,其他電子業,2025-07-11 02:58
2355,敬鵬,上市,電子零組件業,2025-07-11 02:58
2356,英業達,上市,電腦及週邊設備業,2025-07-11 02:58
2357,華碩,上市,電腦及週邊設備業,2025-07-11 02:58
2359,所羅門,上市,其他電子業,2025-07-11 02:58
2360,致茂,上市,其他電子業,2025-07-11 02:58
2362,藍天,上市,電腦及週邊設備業,2025-07-11 02:58
2363,矽統,上市,半導體業,2025-07-11 02:58
2364,倫飛,上市,電腦及週邊設備業,2025-07-11 02:58
2365,昆盈,上市,電腦及週邊設備業,2025-07-11 02:58
2367,燿華,上市,電子零組件業,2025-07-11 02:58
2368,金像電,上市,電子零組件業,2025-07-11 02:58
2369,菱生,上市,半導體業,2025-07-11 02:58
2371,大同,上市,電機機械,2025-07-11 02:58
2373,震旦行,上市,其他電子業,2025-07-11 02:58
2374,佳能,上市,光電業,2025-07-11 02:58
2375,凱美,上市,電子零組件業,2025-07-11 02:58
2376,技嘉,上市,電腦及週邊設備業,2025-07-11 02:58
2377,微星,上市,電腦及週邊設備業,2025-07-11 02:58
2379,瑞昱,上市,半導體業,2025-07-11 02:58
2380,虹光,上市,電腦及週邊設備業,2025-07-11 02:58
2382,廣達,上市,電腦及週邊設備業,2025-07-11 02:58
2383,台光電,上市,電子零組件業,2025-07-11 02:58
2385,群光,上市,電子零組件業,2025-07-11 02:58
2387,精元,上市,電腦及週邊設備業,2025-07-11 02:58
2388,威盛,上市,半導體業,2025-07-11 02:58
2390,云辰,上市,其他電子業,2025-07-11 02:58
2392,正崴,上市,電子零組件業,2025-07-11 02:58
2393,億光,上市,光電業,2025-07-11 02:58
2395,研華,上市,電腦及週邊設備業,2025-07-11 02:58
2397,友通,上市,電腦及週邊設備業,2025-07-11 02:58
2399,映泰,上市,電腦及週邊設備業,2025-07-11 02:58
2401,凌陽,上市,半導體業,2025-07-11 02:58
2402,毅嘉,上市,電子零組件業,2025-07-11 02:58
2404,漢唐,上市,其他電子業,2025-07-11 02:58
2405,輔信,上市,電腦及週邊設備業,2025-07-11 02:58
2406,國碩,上市,光電業,2025-07-11 02:58
2408,南亞科,上市,半導體業,2025-07-11 02:58
2409,友達,上市,光電業,2025-07-11 02:58
2412,中華電,上市,通信網路業,2025-07-11 02:58
2413,環科,上市,電子零組件業,2025-07-11 02:58
2414,精技,上市,電子通路業,2025-07-11 02:58
2415,錩新,上市,電子零組件業,2025-07-11 02:58
2417,圓剛,上市,電腦及週邊設備業,2025-07-11 02:58
2419,仲琦,上市,通信網路業,2025-07-11 02:58
2420,新巨,上市,電子零組件業,2025-07-11 02:58
2421,建準,上市,電子零組件業,2025-07-11 02:58
2423,固緯,上市,其他電子業,2025-07-11 02:58
2424,隴華,上市,通信網路業,2025-07-11 02:58
2425,承啟,上市,電腦及週邊設備業,2025-07-11 02:58
2426,鼎元,上市,光電業,2025-07-11 02:58
2427,三商電,上市,資訊服務業,2025-07-11 02:58
2428,興勤,上市,電子零組件業,2025-07-11 02:58
2429,銘旺科,上市,光電業,2025-07-11 02:58
2430,燦坤,上市,電子通路業,2025-07-11 02:58
2431,聯昌,上市,電子零組件業,2025-07-11 02:58
2433,互盛電,上市,其他電子業,2025-07-11 02:58
2434,統懋,上市,半導體業,2025-07-11 02:58
2436,偉詮電,上市,半導體業,2025-07-11 02:58
2438,翔耀,上市,光電業,2025-07-11 02:58
2439,美律,上市,通信網路業,2025-07-11 02:58
2440,太空梭,上市,電子零組件業,2025-07-11 02:58
2441,超豐,上市,半導體業,2025-07-11 02:58
2442,新美齊,上市,建材營造業,2025-07-11 02:58
2444,兆勁,上市,通信網路業,2025-07-11 02:58
2449,京元電子,上市,半導體業,2025-07-11 02:58
2450,神腦,上市,通信網路業,2025-07-11 02:58
2451,創見,上市,半導體業,2025-07-11 02:58
2453,凌群,上市,資訊服務業,2025-07-11 02:58
2454,聯發科,上市,半導體業,2025-07-11 02:58
2455,全新,上市,通信網路業,2025-07-11 02:58
2457,飛宏,上市,電子零組件業,2025-07-11 02:58
2458,義隆,上市,半導體業,2025-07-11 02:58
2459,敦吉,上市,其他電子業,2025-07-11 02:58
2460,建通,上市,電子零組件業,2025-07-11 02:58
2461,光群雷,上市,其他電子業,2025-07-11 02:58
2462,良得電,上市,電子零組件業,2025-07-11 02:58
2464,盟立,上市,其他電子業,2025-07-11 02:58
2465,麗臺,上市,電腦及週邊設備業,2025-07-11 02:58
2466,冠西電,上市,光電業,2025-07-11 02:58
2467,志聖,上市,電子零組件業,2025-07-11 02:58
2468,華經,上市,資訊服務業,2025-07-11 02:58
2471,資通,上市,資訊服務業,2025-07-11 02:58
2472,立隆電,上市,電子零組件業,2025-07-11 02:58
2474,可成,上市,其他電子業,2025-07-11 02:58
2476,鉅祥,上市,電子零組件業,2025-07-11 02:58
2477,美隆電,上市,其他電子業,2025-07-11 02:58
2478,大毅,上市,電子零組件業,2025-07-11 02:58
2480,敦陽科,上市,資訊服務業,2025-07-11 02:58
2481,強茂,上市,半導體業,2025-07-11 02:58
2482,連宇,上市,其他電子業,2025-07-11 02:58
2483,百容,上市,電子零組件業,2025-07-11 02:58
2484,希華,上市,電子零組件業,2025-07-11 02:58
2485,兆赫,上市,通信網路業,2025-07-11 02:58
2486,一詮,上市,光電業,2025-07-11 02:58
2488,漢平,上市,其他電子業,2025-07-11 02:58
2489,瑞軒,上市,光電業,2025-07-11 02:58
2491,吉祥全,上市,光電業,2025-07-11 02:58
2492,華新科,上市,電子零組件業,2025-07-11 02:58
2493,揚博,上市,電子零組件業,2025-07-11 02:58
2495,普安,上市,電腦及週邊設備業,2025-07-11 02:58
2496,卓越,上市,其他業,2025-07-11 02:58
2497,怡利電,上市,汽車工業,2025-07-11 02:58
2498,宏達電,上市,通信網路業,2025-07-11 02:58
2501,國建,上市,建材營造業,2025-07-11 02:58
2504,國產,上市,建材營造業,2025-07-11 02:58
2505,國揚,上市,建材營造業,2025-07-11 02:58
2506,太設,上市,建材營造業,2025-07-11 02:58
2509,全坤建,上市,建材營造業,2025-07-11 02:58
2511,太子,上市,建材營造業,2025-07-11 02:58
2514,龍邦,上市,其他業,2025-07-11 02:58
2515,中工,上市,建材營造業,2025-07-11 02:58
2516,新建,上市,建材營造業,2025-07-11 02:58
2520,冠德,上市,建材營造業,2025-07-11 02:58
2524,京城,上市,建材營造業,2025-07-11 02:58
2527,宏璟,上市,建材營造業,2025-07-11 02:58
2528,皇普,上市,建材營造業,2025-07-11 02:58
2530,華建,上市,建材營造業,2025-07-11 02:58
2534,宏盛,上市,建材營造業,2025-07-11 02:58
2535,達欣工,上市,建材營造業,2025-07-11 02:58
2536,宏普,上市,建材營造業,2025-07-11 02:58
2537,聯上發,上市,建材營造業,2025-07-11 02:58
2538,基泰,上市,建材營造業,2025-07-11 02:58
2539,櫻花建,上市,建材營造業,2025-07-11 02:58
2540,愛山林,上市,建材營造業,2025-07-11 02:58
2542,興富發,上市,建材營造業,2025-07-11 02:58
2543,皇昌,上市,建材營造業,2025-07-11 02:58
2545,皇翔,上市,建材營造業,2025-07-11 02:58
2546,根基,上市,建材營造業,2025-07-11 02:58
2547,日勝生,上市,建材營造業,2025-07-11 02:58
2548,華固,上市,建材營造業,2025-07-11 02:58
2596,綠意,上櫃,建材營造業,2025-07-11 02:58
2597,潤弘,上市,建材營造業,2025-07-11 02:58
2601,益航,上市,貿易百貨業,2025-07-11 02:58
2603,長榮,上市,航運業,2025-07-11 02:58
2605,新興,上市,航運業,2025-07-11 02:58
2606,裕民,上市,航運業,2025-07-11 02:58
2607,榮運,上市,航運業,2025-07-11 02:58
2608,嘉里大榮,上市,航運業,2025-07-11 02:58
2609,陽明,上市,航運業,2025-07-11 02:58
2610,華航,上市,航運業,2025-07-11 02:58
2611,志信,上市,航運業,2025-07-11 02:58
2612,中航,上市,航運業,2025-07-11 02:58
2613,中櫃,上市,航運業,2025-07-11 02:58
2614,東森,上市,其他業,2025-07-11 02:58
2615,萬海,上市,航運業,2025-07-11 02:58
2616,山隆,上市,油電燃氣業,2025-07-11 02:58
2617,台航,上市,航運業,2025-07-11 02:58
2618,長榮航,上市,航運業,2025-07-11 02:58
2630,亞航,上市,航運業,2025-07-11 02:58
2633,台灣高鐵,上市,航運業,2025-07-11 02:58
2634,漢翔,上市,航運業,2025-07-11 02:58
2636,台驊控股,上市,航運業,2025-07-11 02:58
2637,慧洋-KY,上市,航運業,2025-07-11 02:58
2640,大車隊,上櫃,數位雲端,2025-07-11 02:58
2641,正德,上櫃,航運業,2025-07-11 02:58
2642,宅配通,上市,航運業,2025-07-11 02:58
2643,捷迅,上櫃,航運業,2025-07-11 02:58
2645,長榮航太,上市,航運業,2025-07-11 02:58
2646,星宇航空,上市,航運業,2025-07-11 02:58
2701,萬企,上市,觀光餐旅,2025-07-11 02:58
2702,華園,上市,觀光餐旅,2025-07-11 02:58
2704,國賓,上市,觀光餐旅,2025-07-11 02:58
2705,六福,上市,觀光餐旅,2025-07-11 02:58
2706,第一店,上市,觀光餐旅,2025-07-11 02:58
2707,晶華,上市,觀光餐旅,2025-07-11 02:58
2712,遠雄來,上市,觀光餐旅,2025-07-11 02:58
2718,全心投控,上櫃,建材營造業,2025-07-11 02:58
2719,燦星旅,上櫃,觀光餐旅,2025-07-11 02:58
2722,夏都,上市,觀光餐旅,2025-07-11 02:58
2723,美食-KY,上市,觀光餐旅,2025-07-11 02:58
2724,藝舍-KY,上櫃,其他業,2025-07-11 02:58
2726,雅茗-KY,上櫃,觀光餐旅,2025-07-11 02:58
2727,王品,上市,觀光餐旅,2025-07-11 02:58
2729,瓦城,上櫃,觀光餐旅,2025-07-11 02:58
2731,雄獅,上市,觀光餐旅,2025-07-11 02:58
2732,六角,上櫃,觀光餐旅,2025-07-11 02:58
2734,易飛網,上櫃,觀光餐旅,2025-07-11 02:58
2736,富野,上櫃,觀光餐旅,2025-07-11 02:58
2739,寒舍,上市,觀光餐旅,2025-07-11 02:58
2740,天蔥,上櫃,觀光餐旅,2025-07-11 02:58
2743,山富,上櫃,觀光餐旅,2025-07-11 02:58
2745,五福,上櫃,觀光餐旅,2025-07-11 02:58
2748,雲品,上市,觀光餐旅,2025-07-11 02:58
2751,王座,上櫃,觀光餐旅,2025-07-11 02:58
2752,豆府,上櫃,觀光餐旅,2025-07-11 02:58
2753,八方雲集,上市,觀光餐旅,2025-07-11 02:58
2754,亞洲藏壽司,上櫃,觀光餐旅,2025-07-11 02:58
2755,揚秦,上櫃,觀光餐旅,2025-07-11 02:58
2756,聯發國際,上櫃,觀光餐旅,2025-07-11 02:58
2762,世界健身-KY,上市,運動休閒,2025-07-11 02:58
2801,彰銀,上市,金融保險業,2025-07-11 02:58
2809,京城銀,上市,金融保險業,2025-07-11 02:58
2812,台中銀,上市,金融保險業,2025-07-11 02:58
2816,旺旺保,上市,金融保險業,2025-07-11 02:58
2820,華票,上市,金融保險業,2025-07-11 02:58
2832,台產,上市,金融保險業,2025-07-11 02:58
2834,臺企銀,上市,金融保險業,2025-07-11 02:58
2836,高雄銀,上市,金融保險業,2025-07-11 02:58
2838,聯邦銀,上市,金融保險業,2025-07-11 02:58
2845,遠東銀,上市,金融保險業,2025-07-11 02:58
2849,安泰銀,上市,金融保險業,2025-07-11 02:58
2850,新產,上市,金融保險業,2025-07-11 02:58
2851,中再保,上市,金融保險業,2025-07-11 02:58
2852,第一保,上市,金融保險業,2025-07-11 02:58
2855,統一證,上市,金融保險業,2025-07-11 02:58
2867,三商壽,上市,金融保險業,2025-07-11 02:58
2880,華南金,上市,金融保險業,2025-07-11 02:58
2881,富邦金,上市,金融保險業,2025-07-11 02:58
2882,國泰金,上市,金融保險業,2025-07-11 02:58
2883,凱基金,上市,金融保險業,2025-07-11 02:58
2884,玉山金,上市,金融保險業,2025-07-11 02:58
2885,元大金,上市,金融保險業,2025-07-11 02:58
2886,兆豐金,上市,金融保險業,2025-07-11 02:58
2887,台新金,上市,金融保險業,2025-07-11 02:58
2888,新光金,上市,金融保險業,2025-07-11 02:58
2889,國票金,上市,金融保險業,2025-07-11 02:58
2890,永豐金,上市,金融保險業,2025-07-11 02:58
2891,中信金,上市,金融保險業,2025-07-11 02:58
2892,第一金,上市,金融保險業,2025-07-11 02:58
2897,王道銀行,上市,金融保險業,2025-07-11 02:58
2901,欣欣,上市,貿易百貨業,2025-07-11 02:58
2903,遠百,上市,貿易百貨業,2025-07-11 02:58
2904,匯僑,上市,其他業,2025-07-11 02:58
2905,三商,上市,貿易百貨業,2025-07-11 02:58
2906,高林,上市,貿易百貨業,2025-07-11 02:58
2908,特力,上市,貿易百貨業,2025-07-11 02:58
2910,統領,上市,貿易百貨業,2025-07-11 02:58
2911,麗嬰房,上市,貿易百貨業,2025-07-11 02:58
2912,統一超,上市,貿易百貨業,2025-07-11 02:58
2913,農林,上市,貿易百貨業,2025-07-11 02:58
2915,潤泰全,上市,貿易百貨業,2025-07-11 02:58
2916,滿心,上櫃,居家生活,2025-07-11 02:58
2923,鼎固-KY,上市,建材營造業,2025-07-11 02:58
2924,宏太-KY,上櫃,居家生活,2025-07-11 02:58
2926,誠品生活,上櫃,文化創意業,2025-07-11 02:58
2929,淘帝-KY,上市,貿易百貨業,2025-07-11 02:58
2937,集雅社,上櫃,居家生活,2025-07-11 02:58
2939,永邑-KY,上市,貿易百貨業,2025-07-11 02:58
2941,米斯特,上櫃,居家生活,2025-07-11 02:58
2945,三商家購,上市,貿易百貨業,2025-07-11 02:58
2947,振宇五金,上櫃,居家生活,2025-07-11 02:58
2948,寶陞,上櫃,居家生活,2025-07-11 02:58
2949,欣新網,上櫃,數位雲端,2025-07-11 02:58
3002,歐格,上市,電腦及週邊設備業,2025-07-11 02:58
3003,健和興,上市,電子零組件業,2025-07-11 02:58
3004,豐達科,上市,鋼鐵工業,2025-07-11 02:58
3005,神基,上市,電腦及週邊設備業,2025-07-11 02:58
3006,晶豪科,上市,半導體業,2025-07-11 02:58
3008,大立光,上市,光電業,2025-07-11 02:58
3010,華立,上市,電子通路業,2025-07-11 02:58
3011,今皓,上市,電子零組件業,2025-07-11 02:58
3013,晟銘電,上市,電腦及週邊設備業,2025-07-11 02:58
3014,聯陽,上市,半導體業,2025-07-11 02:58
3015,全漢,上市,電子零組件業,2025-07-11 02:58
3016,嘉晶,上市,半導體業,2025-07-11 02:58
3017,奇鋐,上市,電腦及週邊設備業,2025-07-11 02:58
3018,隆銘綠能,上市,其他電子業,2025-07-11 02:58
3019,亞光,上市,光電業,2025-07-11 02:58
3021,鴻名,上市,電子零組件業,2025-07-11 02:58
3022,威強電,上市,電腦及週邊設備業,2025-07-11 02:58
3023,信邦,上市,電子零組件業,2025-07-11 02:58
3024,憶聲,上市,光電業,2025-07-11 02:58
3025,星通,上市,通信網路業,2025-07-11 02:58
3026,禾伸堂,上市,電子零組件業,2025-07-11 02:58
3027,盛達,上市,通信網路業,2025-07-11 02:58
3028,增你強,上市,電子通路業,2025-07-11 02:58
3029,零壹,上市,資訊服務業,2025-07-11 02:58
3030,德律,上市,其他電子業,2025-07-11 02:58
3031,佰鴻,上市,光電業,2025-07-11 02:58
3032,偉訓,上市,電子零組件業,2025-07-11 02:58
3033,威健,上市,電子通路業,2025-07-11 02:58
3034,聯詠,上市,半導體業,2025-07-11 02:58
3035,智原,上市,半導體業,2025-07-11 02:58
3036,文曄,上市,電子通路業,2025-07-11 02:58
3037,欣興,上市,電子零組件業,2025-07-11 02:58
3038,全台,上市,光電業,2025-07-11 02:58
3040,遠見,上市,其他業,2025-07-11 02:58
3041,揚智,上市,半導體業,2025-07-11 02:58
3042,晶技,上市,電子零組件業,2025-07-11 02:58
3043,科風,上市,其他電子業,2025-07-11 02:58
3044,健鼎,上市,電子零組件業,2025-07-11 02:58
3045,台灣大,上市,通信網路業,2025-07-11 02:58
3046,建��,上市,電腦及週邊設備業,2025-07-11 02:58
3047,訊舟,上市,通信網路業,2025-07-11 02:58
3048,益登,上市,電子通路業,2025-07-11 02:58
3049,精金,上市,光電業,2025-07-11 02:58
3050,鈺德,上市,光電業,2025-07-11 02:58
3051,力特,上市,光電業,2025-07-11 02:58
3052,夆典,上市,建材營造業,2025-07-11 02:58
3054,立萬利,上市,食品工業,2025-07-11 02:58
3055,蔚華科,上市,電子通路業,2025-07-11 02:58
3056,富華新,上市,建材營造業,2025-07-11 02:58
3057,喬鼎,上市,電腦及週邊設備業,2025-07-11 02:58
3058,立德,上市,電子零組件業,2025-07-11 02:58
3059,華晶科,上市,光電業,2025-07-11 02:58
3060,銘異,上市,電腦及週邊設備業,2025-07-11 02:58
3062,建漢,上市,通信網路業,2025-07-11 02:58
3064,泰偉,上櫃,文化創意業,2025-07-11 02:58
3066,李洲,上櫃,光電業,2025-07-11 02:58
3067,全域,上櫃,其他電子業,2025-07-11 02:58
3071,協禧,上櫃,電腦及週邊設備業,2025-07-11 02:58
3073,天方能源,上櫃,綠能環保,2025-07-11 02:58
3078,僑威,上櫃,電子零組件業,2025-07-11 02:58
3081,聯亞,上櫃,通信網路業,2025-07-11 02:58
3083,網龍,上櫃,文化創意業,2025-07-11 02:58
3085,新零售,上櫃,數位雲端,2025-07-11 02:58
3086,華義,上櫃,文化創意業,2025-07-11 02:58
3088,艾訊,上櫃,電腦及週邊設備業,2025-07-11 02:58
3090,日電貿,上市,電子零組件業,2025-07-11 02:58
3092,鴻碩,上市,電子零組件業,2025-07-11 02:58
3093,港建*,上櫃,其他電子業,2025-07-11 02:58
3094,聯傑,上市,半導體業,2025-07-11 02:58
3095,及成,上櫃,通信網路業,2025-07-11 02:58
3105,穩懋,上櫃,半導體業,2025-07-11 02:58
3114,好德,上櫃,電子零組件業,2025-07-11 02:58
3115,富榮綱,上櫃,電子零組件業,2025-07-11 02:58
3118,進階,上櫃,生技醫療業,2025-07-11 02:58
3122,笙泉,上櫃,半導體業,2025-07-11 02:58
3128,昇銳,上櫃,光電業,2025-07-11 02:58
3130,一零四,上市,數位雲端,2025-07-11 02:58
3131,弘塑,上櫃,其他電子業,2025-07-11 02:58
3138,耀登,上市,通信網路業,2025-07-11 02:58
3141,晶宏,上櫃,半導體業,2025-07-11 02:58
3147,大綜,上櫃,資訊服務業,2025-07-11 02:58
3149,正達,上市,光電業,2025-07-11 02:58
3152,璟德,上櫃,通信網路業,2025-07-11 02:58
3162,精確,上櫃,電機機械,2025-07-11 02:58
3163,波若威,上櫃,通信網路業,2025-07-11 02:58
3164,景岳,上市,生技醫療業,2025-07-11 02:58
3167,大量,上市,電機機械,2025-07-11 02:58
3168,眾福科,上市,光電業,2025-07-11 02:58
3169,亞信,上櫃,半導體業,2025-07-11 02:58
3171,炎洲流通,上櫃,居家生活,2025-07-11 02:58
3176,基亞,上櫃,生技醫療業,2025-07-11 02:58
3178,公準,上櫃,半導體業,2025-07-11 02:58
3188,鑫龍騰,上櫃,建材營造業,2025-07-11 02:58
3189,景碩,上市,半導體業,2025-07-11 02:58
3191,雲嘉南,上櫃,電子零組件業,2025-07-11 02:58
3202,樺晟,上櫃,電子零組件業,2025-07-11 02:58
3205,佰研,上櫃,生技醫療業,2025-07-11 02:58
3206,志豐,上櫃,電子零組件業,2025-07-11 02:58
3207,耀勝,上櫃,電子零組件業,2025-07-11 02:58
3209,全科,上市,電子通路業,2025-07-11 02:58
3211,順達,上櫃,電腦及週邊設備業,2025-07-11 02:58
3213,茂訊,上櫃,電腦及週邊設備業,2025-07-11 02:58
3217,優群,上櫃,電子零組件業,2025-07-11 02:58
3218,大學光,上櫃,生技醫療業,2025-07-11 02:58
3219,倚強科,上櫃,其他電子業,2025-07-11 02:58
3221,台嘉碩,上櫃,通信網路業,2025-07-11 02:58
3224,三顧,上櫃,電子通路業,2025-07-11 02:58
3226,龍鋒,上櫃,電機機械,2025-07-11 02:58
3227,原相,上櫃,半導體業,2025-07-11 02:58
3228,金麗科,上櫃,半導體業,2025-07-11 02:58
3229,晟鈦,上市,電子零組件業,2025-07-11 02:58
3230,錦明,上櫃,光電業,2025-07-11 02:58
3231,緯創,上市,電腦及週邊設備業,2025-07-11 02:58
3232,昱捷,上櫃,電子通路業,2025-07-11 02:58
3234,光環,上櫃,通信網路業,2025-07-11 02:58
3236,千如,上櫃,電子零組件業,2025-07-11 02:58
3252,海灣,上櫃,觀光餐旅,2025-07-11 02:58
3257,虹冠電,上市,半導體業,2025-07-11 02:58
3259,鑫創,上櫃,半導體業,2025-07-11 02:58
3260,威剛,上櫃,半導體業,2025-07-11 02:58
3264,欣銓,上櫃,半導體業,2025-07-11 02:58
3265,台星科,上櫃,半導體業,2025-07-11 02:58
3266,昇陽,上市,建材營造業,2025-07-11 02:58
3268,海德威,上櫃,半導體業,2025-07-11 02:58
3272,東碩,上櫃,電腦及週邊設備業,2025-07-11 02:58
3276,宇環,上櫃,電子零組件業,2025-07-11 02:58
3284,太普高,上櫃,其他業,2025-07-11 02:58
3285,微端,上櫃,其他電子業,2025-07-11 02:58
3287,廣寰科,上櫃,電腦及週邊設備業,2025-07-11 02:58
3288,點晶,上櫃,電子零組件業,2025-07-11 02:58
3289,宜特,上櫃,其他電子業,2025-07-11 02:58
3290,東浦,上櫃,電子零組件業,2025-07-11 02:58
3293,鈊象,上櫃,文化創意業,2025-07-11 02:58
3294,英濟,上櫃,電子零組件業,2025-07-11 02:58
3296,勝德,上市,電子零組件業,2025-07-11 02:58
3297,杭特,上櫃,光電業,2025-07-11 02:58
3303,岱稜,上櫃,其他電子業,2025-07-11 02:58
3305,昇貿,上市,其他電子業,2025-07-11 02:58
3306,鼎天,上櫃,通信網路業,2025-07-11 02:58
3308,聯德,上市,電子零組件業,2025-07-11 02:58
3310,佳穎,上櫃,電子零組件業,2025-07-11 02:58
3311,閎暉,上市,通信網路業,2025-07-11 02:58
3312,弘憶股,上市,電子通路業,2025-07-11 02:58
3313,斐成,上櫃,其他業,2025-07-11 02:58
3317,尼克森,上櫃,半導體業,2025-07-11 02:58
3321,同泰,上市,電子零組件業,2025-07-11 02:58
3322,建舜電,上櫃,電子零組件業,2025-07-11 02:58
3323,加百裕,上櫃,電腦及週邊設備業,2025-07-11 02:58
3324,雙鴻,上櫃,其他電子業,2025-07-11 02:58
3325,旭品,上櫃,電腦及週邊設備業,2025-07-11 02:58
3332,幸康,上櫃,電子零組件業,2025-07-11 02:58
3338,泰碩,上市,電子零組件業,2025-07-11 02:58
3339,泰谷,上櫃,光電業,2025-07-11 02:58
3346,麗清,上市,汽車工業,2025-07-11 02:58
3349,寶德,上櫃,電腦及週邊設備業,2025-07-11 02:58
3354,律勝,上櫃,電子零組件業,2025-07-11 02:58
3356,奇偶,上市,光電業,2025-07-11 02:58
3357,臺慶科,上櫃,電子零組件業,2025-07-11 02:58
3360,尚立,上櫃,電子通路業,2025-07-11 02:58
3362,先進光,上櫃,光電業,2025-07-11 02:58
3363,上詮,上櫃,通信網路業,2025-07-11 02:58
3372,典範,上櫃,半導體業,2025-07-11 02:58
3373,熱映,上櫃,其他電子業,2025-07-11 02:58
3374,精材,上櫃,半導體業,2025-07-11 02:58
3376,新日興,上市,電子零組件業,2025-07-11 02:58
3379,彬台,上櫃,電機機械,2025-07-11 02:58
3380,明泰,上市,通信網路業,2025-07-11 02:58
3388,崇越電,上櫃,電子零組件業,2025-07-11 02:58
3390,旭軟,上櫃,電子零組件業,2025-07-11 02:58
3402,漢科,上櫃,其他電子業,2025-07-11 02:58
3406,玉晶光,上市,光電業,2025-07-11 02:58
3413,京鼎,上市,半導體業,2025-07-11 02:58
3416,融程電,上市,電腦及週邊設備業,2025-07-11 02:58
3419,譁裕,上市,通信網路業,2025-07-11 02:58
3426,台興,上櫃,電機機械,2025-07-11 02:58
3430,奇鈦科,上櫃,化學工業,2025-07-11 02:58
3432,台端,上市,電子零組件業,2025-07-11 02:58
3434,哲固,上櫃,光電業,2025-07-11 02:58
3437,榮創,上市,光電業,2025-07-11 02:58
3438,類比科,上櫃,半導體業,2025-07-11 02:58
3441,聯一光,上櫃,光電業,2025-07-11 02:58
3443,創意,上市,半導體業,2025-07-11 02:58
3444,利機,上櫃,電子通路業,2025-07-11 02:58
3447,展達,上市,通信網路業,2025-07-11 02:58
3450,聯鈞,上市,半導體業,2025-07-11 02:58
3454,晶睿,上市,光電業,2025-07-11 02:58
3455,由田,上櫃,光電業,2025-07-11 02:58
3465,進泰電子,上櫃,其他電子業,2025-07-11 02:58
3466,德晉,上櫃,通信網路業,2025-07-11 02:58
3467,台灣精材,上櫃,半導體業,2025-07-11 02:58
3479,安勤,上櫃,電腦及週邊設備業,2025-07-11 02:58
3481,群創,上市,光電業,2025-07-11 02:58
3483,力致,上櫃,電腦及週邊設備業,2025-07-11 02:58
3484,崧騰,上櫃,電子零組件業,2025-07-11 02:58
3489,森寶,上櫃,建材營造業,2025-07-11 02:58
3490,單井,上櫃,光電業,2025-07-11 02:58
3491,昇達科,上櫃,通信網路業,2025-07-11 02:58
3492,長盛,上櫃,電子零組件業,2025-07-11 02:58
3494,誠研,上市,電腦及週邊設備業,2025-07-11 02:58
3498,陽程,上櫃,其他電子業,2025-07-11 02:58
3499,環天科,上櫃,通信網路業,2025-07-11 02:58
3501,維熹,上市,電子零組件業,2025-07-11 02:58
3504,揚明光,上市,光電業,2025-07-11 02:58
3508,位速,上櫃,其他電子業,2025-07-11 02:58
3511,矽瑪,上櫃,電子零組件業,2025-07-11 02:58
3512,皇龍,上櫃,建材營造業,2025-07-11 02:58
3515,華擎,上市,電腦及週邊設備業,2025-07-11 02:58
3516,亞帝歐,上櫃,光電業,2025-07-11 02:58
3518,柏騰,上市,其他電子業,2025-07-11 02:58
3520,華盈,上櫃,電子零組件業,2025-07-11 02:58
3521,鴻翊,上櫃,建材營造業,2025-07-11 02:58
3522,御嵿,上櫃,觀光餐旅,2025-07-11 02:58
3523,迎輝,上櫃,光電業,2025-07-11 02:58
3526,凡甲,上櫃,電子零組件業,2025-07-11 02:58
3527,聚積,上櫃,半導體業,2025-07-11 02:58
3528,安馳,上市,電子通路業,2025-07-11 02:58
3529,力旺,上櫃,半導體業,2025-07-11 02:58
3530,晶相光,上市,半導體業,2025-07-11 02:58
3531,先益,上櫃,光電業,2025-07-11 02:58
3532,台勝科,上市,半導體業,2025-07-11 02:58
3533,嘉澤,上市,電子零組件業,2025-07-11 02:58
3535,晶彩科,上市,光電業,2025-07-11 02:58
3537,堡達,上櫃,電子零組件業,2025-07-11 02:58
3540,曜越,上櫃,電腦及週邊設備業,2025-07-11 02:58
3541,西柏,上櫃,其他電子業,2025-07-11 02:58
3543,州巧,上市,光電業,2025-07-11 02:58
3545,敦泰,上市,半導體業,2025-07-11 02:58
3546,宇峻,上櫃,文化創意業,2025-07-11 02:58
3548,兆利,上櫃,電子零組件業,2025-07-11 02:58
3550,聯穎,上市,電子零組件業,2025-07-11 02:58
3551,世禾,上櫃,綠能環保,2025-07-11 02:58
3552,同致,上櫃,其他電子業,2025-07-11 02:58
3555,博士旺,上櫃,半導體業,2025-07-11 02:58
3556,禾瑞亞,上櫃,半導體業,2025-07-11 02:58
3557,嘉威,上市,居家生活,2025-07-11 02:58
3558,神準,上櫃,通信網路業,2025-07-11 02:58
3563,牧德,上市,光電業,2025-07-11 02:58
3564,其陽,上櫃,通信網路業,2025-07-11 02:58
3567,逸昌,上櫃,半導體業,2025-07-11 02:58
3570,大塚,上櫃,資訊服務業,2025-07-11 02:58
3576,聯合再生,上市,光電業,2025-07-11 02:58
3577,泓格,上櫃,電腦及週邊設備業,2025-07-11 02:58
3580,友威科,上櫃,其他電子業,2025-07-11 02:58
3581,博磊,上櫃,半導體業,2025-07-11 02:58
3583,辛耘,上市,半導體業,2025-07-11 02:58
3587,閎康,上櫃,其他電子業,2025-07-11 02:58
3588,通嘉,上市,半導體業,2025-07-11 02:58
3591,艾笛森,上市,光電業,2025-07-11 02:58
3592,瑞鼎,上市,半導體業,2025-07-11 02:58
3593,力銘,上市,電子零組件業,2025-07-11 02:58
3594,磐儀,上櫃,電腦及週邊設備業,2025-07-11 02:58
3596,智易,上市,通信網路業,2025-07-11 02:58
3597,映興,上櫃,電子零組件業,2025-07-11 02:58
3605,宏致,上市,電子零組件業,2025-07-11 02:58
3607,谷崧,上市,電子零組件業,2025-07-11 02:58
3609,三一東林,上櫃,電子零組件業,2025-07-11 02:58
3611,鼎翰,上櫃,電腦及週邊設備業,2025-07-11 02:58
3615,安可,上櫃,光電業,2025-07-11 02:58
3617,碩天,上市,其他電子業,2025-07-11 02:58
3622,洋華,上市,光電業,2025-07-11 02:58
3623,富晶通,上櫃,光電業,2025-07-11 02:58
3624,光頡,上櫃,電子零組件業,2025-07-11 02:58
3625,西勝,上櫃,電腦及週邊設備業,2025-07-11 02:58
3628,盈正,上櫃,其他電子業,2025-07-11 02:58
3629,地心引力,上櫃,文化創意業,2025-07-11 02:58
3630,新鉅科,上櫃,光電業,2025-07-11 02:58
3631,晟楠,上櫃,電子零組件業,2025-07-11 02:58
3632,研勤,上櫃,通信網路業,2025-07-11 02:58
3645,達邁,上市,電子零組件業,2025-07-11 02:58
3646,艾恩特,上櫃,電子零組件業,2025-07-11 02:58
3652,精聯,上市,電腦及週邊設備業,2025-07-11 02:58
3653,健策,上市,電子零組件業,2025-07-11 02:58
3661,世芯-KY,上市,半導體業,2025-07-11 02:58
3663,鑫科,上櫃,其他電子業,2025-07-11 02:58
3664,安瑞-KY,上櫃,通信網路業,2025-07-11 02:58
3665,貿聯-KY,上市,其他電子業,2025-07-11 02:58
3666,光耀,上櫃,光電業,2025-07-11 02:58
3669,圓展,上市,通信網路業,2025-07-11 02:58
3672,康聯訊,上櫃,通信網路業,2025-07-11 02:58
3673,TPK-KY,上市,光電業,2025-07-11 02:58
3675,德微,上櫃,半導體業,2025-07-11 02:58
3679,新至陞,上市,電子零組件業,2025-07-11 02:58
3680,家登,上櫃,半導體業,2025-07-11 02:58
3684,榮昌,上櫃,通信網路業,2025-07-11 02:58
3685,元創精密,上櫃,電機機械,2025-07-11 02:58
3686,達能,上市,半導體業,2025-07-11 02:58
3687,歐買尬,上櫃,數位雲端,2025-07-11 02:58
3689,湧德,上櫃,電子零組件業,2025-07-11 02:58
3691,碩禾,上櫃,光電業,2025-07-11 02:58
3693,營邦,上櫃,電腦及週邊設備業,2025-07-11 02:58
3694,海華,上市,通信網路業,2025-07-11 02:58
3701,大眾控,上市,電腦及週邊設備業,2025-07-11 02:58
3702,大聯大,上市,電子通路業,2025-07-11 02:58
3703,欣陸,上市,建材營造業,2025-07-11 02:58
3704,合勤控,上市,通信網路業,2025-07-11 02:58
3705,永信,上市,生技醫療業,2025-07-11 02:58
3706,神達,上市,電腦及週邊設備業,2025-07-11 02:58
3707,漢磊,上櫃,半導體業,2025-07-11 02:58
3708,上緯投控,上市,綠能環保,2025-07-11 02:58
3709,鑫聯大投控,上櫃,電腦及週邊設備業,2025-07-11 02:58
3710,連展投控,上櫃,電子零組件業,2025-07-11 02:58
3711,日月光投控,上市,半導體業,2025-07-11 02:58
3712,永崴投控,上市,電腦及週邊設備業,2025-07-11 02:58
3713,新晶投控,上櫃,綠能環保,2025-07-11 02:58
3714,富采,上市,光電業,2025-07-11 02:58
3715,定穎投控,上市,電子零組件業,2025-07-11 02:58
3716,中化控股,上市,生技醫療業,2025-07-11 02:58
4102,永日,上櫃,生技醫療業,2025-07-11 02:58
4104,佳醫,上市,生技醫療業,2025-07-11 02:58
4105,東洋,上櫃,生技醫療業,2025-07-11 02:58
4106,雃博,上市,生技醫療業,2025-07-11 02:58
4107,邦特,上櫃,生技醫療業,2025-07-11 02:58
4108,懷特,上市,生技醫療業,2025-07-11 02:58
4109,加捷生醫,上櫃,生技醫療業,2025-07-11 02:58
4111,濟生,上櫃,生技醫療業,2025-07-11 02:58
4113,聯上,上櫃,建材營造業,2025-07-11 02:58
4114,健喬,上櫃,生技醫療業,2025-07-11 02:58
4116,明基醫,上櫃,生技醫療業,2025-07-11 02:58
4119,旭富,上市,生技醫療業,2025-07-11 02:58
4120,友華,上櫃,生技醫療業,2025-07-11 02:58
4121,優盛,上櫃,生技醫療業,2025-07-11 02:58
4123,晟德,上櫃,生技醫療業,2025-07-11 02:58
4126,太醫,上櫃,生技醫療業,2025-07-11 02:58
4127,天良,上櫃,生技醫療業,2025-07-11 02:58
4128,中天,上櫃,生技醫療業,2025-07-11 02:58
4129,聯合,上櫃,生技醫療業,2025-07-11 02:58
4130,健亞,上櫃,生技醫療業,2025-07-11 02:58
4131,浩泰,上櫃,生技醫療業,2025-07-11 02:58
4133,亞諾法,上市,生技醫療業,2025-07-11 02:58
4137,麗豐-KY,上市,生技醫療業,2025-07-11 02:58
4138,曜亞,上櫃,生技醫療業,2025-07-11 02:58
4139,馬光-KY,上櫃,生技醫療業,2025-07-11 02:58
4142,國光生,上市,生技醫療業,2025-07-11 02:58
4147,中裕,上櫃,生技醫療業,2025-07-11 02:58
4148,全宇生技-KY,上市,生技醫療業,2025-07-11 02:58
4153,鈺緯,上櫃,生技醫療業,2025-07-11 02:58
4154,樂威科-KY,上櫃,其他業,2025-07-11 02:58
4155,訊映,上市,生技醫療業,2025-07-11 02:58
4157,太景*-KY,上櫃,生技醫療業,2025-07-11 02:58
4160,訊聯基因,上櫃,生技醫療業,2025-07-11 02:58
4161,聿新科,上櫃,生技醫療業,2025-07-11 02:58
4162,智擎,上櫃,生技醫療業,2025-07-11 02:58
4163,鐿鈦,上櫃,生技醫療業,2025-07-11 02:58
4164,承業醫,上市,生技醫療業,2025-07-11 02:58
4167,松瑞藥,上櫃,生技醫療業,2025-07-11 02:58
4168,醣聯,上櫃,生技醫療業,2025-07-11 02:58
4171,瑞基,上櫃,農業科技業,2025-07-11 02:58
4173,久裕,上櫃,生技醫療業,2025-07-11 02:58
4174,浩鼎,上櫃,生技醫療業,2025-07-11 02:58
4175,杏一,上櫃,生技醫療業,2025-07-11 02:58
4183,福永生技,上櫃,生技醫療業,2025-07-11 02:58
4188,安克,上櫃,生技醫療業,2025-07-11 02:58
4190,佐登-KY,上市,生技醫療業,2025-07-11 02:58
4192,杏國,上櫃,生技醫療業,2025-07-11 02:58
4198,欣大健康,上櫃,生技醫療業,2025-07-11 02:58
4205,中華食,上櫃,食品工業,2025-07-11 02:58
4207,環泰,上櫃,食品工業,2025-07-11 02:58
4303,信立,上櫃,塑膠工業,2025-07-11 02:58
4304,勝昱,上櫃,塑膠工業,2025-07-11 02:58
4305,世坤,上櫃,塑膠工業,2025-07-11 02:58
4306,炎洲,上市,塑膠工業,2025-07-11 02:58
4401,東隆興,上櫃,紡織纖維,2025-07-11 02:58
4402,郡都開發,上櫃,紡織纖維,2025-07-11 02:58
4406,新昕纖,上櫃,紡織纖維,2025-07-11 02:58
4413,飛寶企業,上櫃,紡織纖維,2025-07-11 02:58
4414,如興,上市,紡織纖維,2025-07-11 02:58
4416,三圓,上櫃,建材營造業,2025-07-11 02:58
4417,金洲,上櫃,紡織纖維,2025-07-11 02:58
4419,皇家美食,上櫃,觀光餐旅,2025-07-11 02:58
4420,光明,上櫃,紡織纖維,2025-07-11 02:58
4426,利勤,上市,紡織纖維,2025-07-11 02:58
4430,耀億,上櫃,其他業,2025-07-11 02:58
4432,銘旺實,上櫃,紡織纖維,2025-07-11 02:58
4433,興采,上櫃,紡織纖維,2025-07-11 02:58
4438,廣越,上市,紡織纖維,2025-07-11 02:58
4439,冠星-KY,上市,紡織纖維,2025-07-11 02:58
4440,宜新實業,上市,紡織纖維,2025-07-11 02:58
4442,竣邦-KY,上櫃,紡織纖維,2025-07-11 02:58
4502,健信,上櫃,電機機械,2025-07-11 02:58
4503,金雨,上櫃,電機機械,2025-07-11 02:58
4506,崇友,上櫃,電機機械,2025-07-11 02:58
4510,高鋒,上櫃,電機機械,2025-07-11 02:58
4513,福裕,上櫃,電機機械,2025-07-11 02:58
4523,永彰,上櫃,電機機械,2025-07-11 02:58
4526,東台,上市,電機機械,2025-07-11 02:58
4527,方土霖,上櫃,電機機械,2025-07-11 02:58
4528,江興鍛,上櫃,電機機械,2025-07-11 02:58
4529,淳紳,上櫃,其他業,2025-07-11 02:58
4530,宏易,上櫃,觀光餐旅,2025-07-11 02:58
4532,瑞智,上市,電機機械,2025-07-11 02:58
4533,協易機,上櫃,電機機械,2025-07-11 02:58
4534,慶騰,上櫃,電機機械,2025-07-11 02:58
4535,至興,上櫃,電機機械,2025-07-11 02:58
4536,拓凱,上市,運動休閒,2025-07-11 02:58
4538,大詠城,上櫃,電機機械,2025-07-11 02:58
4540,全球傳動,上市,電機機械,2025-07-11 02:58
4541,晟田,上櫃,其他業,2025-07-11 02:58
4542,科嶠,上櫃,電子零組件業,2025-07-11 02:58
4543,萬在,上櫃,電機機械,2025-07-11 02:58
4545,銘鈺,上市,電子零組件業,2025-07-11 02:58
4549,桓達,上櫃,電機機械,2025-07-11 02:58
4550,長佳,上櫃,電機機械,2025-07-11 02:58
4551,智伸科,上市,汽車工業,2025-07-11 02:58
4552,力達-KY,上市,電機機械,2025-07-11 02:58
4554,橙的,上櫃,其他電子業,2025-07-11 02:58
4555,氣立,上市,電機機械,2025-07-11 02:58
4556,旭然,上櫃,其他業,2025-07-11 02:58
4557,永新-KY,上市,汽車工業,2025-07-11 02:58
4558,寶緯,上櫃,電機機械,2025-07-11 02:58
4560,強信-KY,上市,電機機械,2025-07-11 02:58
4561,健椿,上櫃,電機機械,2025-07-11 02:58
4562,穎漢,上市,電機機械,2025-07-11 02:58
4563,百德,上櫃,電機機械,2025-07-11 02:58
4564,元翎,上市,電機機械,2025-07-11 02:58
4566,時碩工業,上市,電機機械,2025-07-11 02:58
4568,科際精密,上櫃,電機機械,2025-07-11 02:58
4569,六方科-KY,上市,汽車工業,2025-07-11 02:58
4571,鈞興-KY,上市,電機機械,2025-07-11 02:58
4572,駐龍,上市,電機機械,2025-07-11 02:58
4576,大銀微系統,上市,電機機械,2025-07-11 02:58
4577,達航科技,上櫃,其他電子業,2025-07-11 02:58
4580,捷流閥業,上櫃,電機機械,2025-07-11 02:58
4581,光隆精密-KY,上市,汽車工業,2025-07-11 02:58
4583,台灣精銳,上市,電機機械,2025-07-11 02:58
4584,君帆,上櫃,電機機械,2025-07-11 02:58
4588,玖鼎電力,上市,其他電子業,2025-07-11 02:58
4609,唐鋒,上櫃,居家生活,2025-07-11 02:58
4702,中美實,上櫃,居家生活,2025-07-11 02:58
4706,大恭,上櫃,化學工業,2025-07-11 02:58
4707,磐亞,上櫃,化學工業,2025-07-11 02:58
4711,永純,上櫃,化學工業,2025-07-11 02:58
4714,永捷,上櫃,化學工業,2025-07-11 02:58
4716,大立,上櫃,化學工業,2025-07-11 02:58
4720,德淵,上市,化學工業,2025-07-11 02:58
4721,美琪瑪,上櫃,化學工業,2025-07-11 02:58
4722,國精化,上市,化學工業,2025-07-11 02:58
4726,永昕,上櫃,生技醫療業,2025-07-11 02:58
4728,雙美,上櫃,生技醫療業,2025-07-11 02:58
4729,熒茂,上櫃,光電業,2025-07-11 02:58
4735,豪展,上櫃,生技醫療業,2025-07-11 02:58
4736,泰博,上市,生技醫療業,2025-07-11 02:58
4737,華廣,上市,生技醫療業,2025-07-11 02:58
4739,康普,上市,化學工業,2025-07-11 02:58
4741,泓瀚,上櫃,化學工業,2025-07-11 02:58
4743,合一,上櫃,生技醫療業,2025-07-11 02:58
4744,皇將,上櫃,生技醫療業,2025-07-11 02:58
4745,合富-KY,上櫃,生技醫療業,2025-07-11 02:58
4746,台耀,上市,生技醫療業,2025-07-11 02:58
4747,強生,上櫃,生技醫療業,2025-07-11 02:58
4749,新應材,上櫃,半導體業,2025-07-11 02:58
4754,國碳科,上櫃,化學工業,2025-07-11 02:58
4755,三福化,上市,化學工業,2025-07-11 02:58
4760,勤凱,上櫃,其他電子業,2025-07-11 02:58
4763,材料*-KY,上市,化學工業,2025-07-11 02:58
4764,雙鍵,上市,化學工業,2025-07-11 02:58
4766,南寶,上市,化學工業,2025-07-11 02:58
4767,誠泰科技,上櫃,化學工業,2025-07-11 02:58
4768,晶呈科技,上櫃,化學工業,2025-07-11 02:58
4770,上品,上市,化學工業,2025-07-11 02:58
4771,望隼,上市,生技醫療業,2025-07-11 02:58
4772,台特化,上櫃,化學工業,2025-07-11 02:58
4804,大略-KY,上櫃,觀光餐旅,2025-07-11 02:58
4806,桂田文創,上櫃,文化創意業,2025-07-11 02:58
4807,日成-KY,上市,貿易百貨業,2025-07-11 02:58
4903,聯光通,上櫃,通信網路業,2025-07-11 02:58
4904,遠傳,上市,通信網路業,2025-07-11 02:58
4905,台聯電,上櫃,通信網路業,2025-07-11 02:58
4906,正文,上市,通信網路業,2025-07-11 02:58
4907,富宇,上櫃,建材營造業,2025-07-11 02:58
4908,前鼎,上櫃,通信網路業,2025-07-11 02:58
4909,新復興,上櫃,通信網路業,2025-07-11 02:58
4911,德英,上櫃,生技醫療業,2025-07-11 02:58
4912,聯德控股-KY,上市,電子零組件業,2025-07-11 02:58
4915,致伸,上市,電子零組件業,2025-07-11 02:58
4916,事欣科,上市,電腦及週邊設備業,2025-07-11 02:58
4919,新唐,上市,半導體業,2025-07-11 02:58
4923,力士,上櫃,半導體業,2025-07-11 02:58
4924,欣厚-KY,上櫃,電腦及週邊設備業,2025-07-11 02:58
4927,泰鼎-KY,上市,電子零組件業,2025-07-11 02:58
4930,燦星網,上市,電器電纜,2025-07-11 02:58
4931,新盛力,上櫃,電腦及週邊設備業,2025-07-11 02:58
4933,友輝,上櫃,光電業,2025-07-11 02:58
4934,太極,上市,光電業,2025-07-11 02:58
4935,茂林-KY,上市,光電業,2025-07-11 02:58
4938,和碩,上市,電腦及週邊設備業,2025-07-11 02:58
4939,亞電,上櫃,電子零組件業,2025-07-11 02:58
4942,嘉彰,上市,光電業,2025-07-11 02:58
4943,康控-KY,上市,電子零組件業,2025-07-11 02:58
4945,陞達科技,上櫃,半導體業,2025-07-11 02:58
4946,辣椒,上櫃,文化創意業,2025-07-11 02:58
4949,有成精密,上市,光電業,2025-07-11 02:58
4950,金耘國際,上櫃,鋼鐵工業,2025-07-11 02:58
4951,精拓科,上櫃,半導體業,2025-07-11 02:58
4952,凌通,上市,半導體業,2025-07-11 02:58
4953,緯軟,上櫃,資訊服務業,2025-07-11 02:58
4956,光鋐,上市,光電業,2025-07-11 02:58
4958,臻鼎-KY,上市,電子零組件業,2025-07-11 02:58
4960,誠美材,上市,光電業,2025-07-11 02:58
4961,天鈺,上市,半導體業,2025-07-11 02:58
4966,譜瑞-KY,上櫃,半導體業,2025-07-11 02:58
4967,十銓,上市,半導體業,2025-07-11 02:58
4968,立積,上市,半導體業,2025-07-11 02:58
4971,IET-KY,上櫃,半導體業,2025-07-11 02:58
4972,湯石照明,上櫃,光電業,2025-07-11 02:58
4973,廣穎,上櫃,半導體業,2025-07-11 02:58
4974,亞泰,上櫃,電子零組件業,2025-07-11 02:58
4976,佳凌,上市,光電業,2025-07-11 02:58
4977,眾達-KY,上市,通信網路業,2025-07-11 02:58
4979,華星光,上櫃,通信網路業,2025-07-11 02:58
4987,科誠,上櫃,電腦及週邊設備業,2025-07-11 02:58
4989,榮科,上市,電子零組件業,2025-07-11 02:58
4991,環宇-KY,上櫃,半導體業,2025-07-11 02:58
4994,傳奇,上市,資訊服務業,2025-07-11 02:58
4995,晶達,上櫃,光電業,2025-07-11 02:58
4999,鑫禾,上市,電子零組件業,2025-07-11 02:58
5007,三星,上市,鋼鐵工業,2025-07-11 02:58
5009,榮剛,上櫃,鋼鐵工業,2025-07-11 02:58
5011,久陽,上櫃,鋼鐵工業,2025-07-11 02:58
5013,強新,上櫃,鋼鐵工業,2025-07-11 02:58
5014,建錩,上櫃,鋼鐵工業,2025-07-11 02:58
5015,華祺,上櫃,鋼鐵工業,2025-07-11 02:58
5016,松和,上櫃,鋼鐵工業,2025-07-11 02:58
5201,凱衛,上櫃,資訊服務業,2025-07-11 02:58
5202,力新,上櫃,資訊服務業,2025-07-11 02:58
5203,訊連,上市,資訊服務業,2025-07-11 02:58
5205,中茂,上櫃,綠能環保,2025-07-11 02:58
5206,坤悅,上櫃,建材營造業,2025-07-11 02:58
5209,新鼎,上櫃,其他業,2025-07-11 02:58
5210,寶碩,上櫃,資訊服務業,2025-07-11 02:58
5211,蒙恬,上櫃,資訊服務業,2025-07-11 02:58
5212,凌網,上櫃,資訊服務業,2025-07-11 02:58
5213,亞昕,上櫃,建材營造業,2025-07-11 02:58
5215,科嘉-KY,上市,電腦及週邊設備業,2025-07-11 02:58
5220,萬達光電,上櫃,光電業,2025-07-11 02:58
5222,全訊,上市,半導體業,2025-07-11 02:58
5223,安力-KY,上櫃,電腦及週邊設備業,2025-07-11 02:58
5225,東科-KY,上市,其他電子業,2025-07-11 02:58
5227,立凱-KY,上櫃,電子零組件業,2025-07-11 02:58
5228,鈺鎧,上櫃,電子零組件業,2025-07-11 02:58
5230,雷笛克光學,上櫃,光電業,2025-07-11 02:58
5234,達興材料,上市,光電業,2025-07-11 02:58
5236,凌陽創新,上櫃,半導體業,2025-07-11 02:58
5243,乙盛-KY,上市,光電業,2025-07-11 02:58
5244,弘凱,上市,光電業,2025-07-11 02:58
5245,智晶,上櫃,光電業,2025-07-11 02:58
5251,天鉞電,上櫃,光電業,2025-07-11 02:58
5258,虹堡,上市,電腦及週邊設備業,2025-07-11 02:58
5263,智崴,上櫃,文化創意業,2025-07-11 02:58
5269,祥碩,上市,半導體業,2025-07-11 02:58
5272,笙科,上櫃,半導體業,2025-07-11 02:58
5274,信驊,上櫃,半導體業,2025-07-11 02:58
5276,達輝-KY,上櫃,其他業,2025-07-11 02:58
5278,尚凡*,上櫃,數位雲端,2025-07-11 02:58
5283,禾聯碩,上市,電器電纜,2025-07-11 02:58
5284,jpp-KY,上市,其他業,2025-07-11 02:58
5285,界霖,上市,半導體業,2025-07-11 02:58
5287,數字,上櫃,數位雲端,2025-07-11 02:58
5288,豐祥-KY,上市,電機機械,2025-07-11 02:58
5289,宜鼎,上櫃,電腦及週邊設備業,2025-07-11 02:58
5291,邑昇,上櫃,電子零組件業,2025-07-11 02:58
5292,華懋,上市,綠能環保,2025-07-11 02:58
5299,杰力,上櫃,半導體業,2025-07-11 02:58
5301,寶得利,上櫃,觀光餐旅,2025-07-11 02:58
5302,太欣,上櫃,半導體業,2025-07-11 02:58
5306,桂盟,上市,運動休閒,2025-07-11 02:58
5309,系統電,上櫃,電子零組件業,2025-07-11 02:58
5310,天剛,上櫃,資訊服務業,2025-07-11 02:58
5312,寶島科,上櫃,生技醫療業,2025-07-11 02:58
5314,世紀*,上櫃,其他業,2025-07-11 02:58
5315,光聯,上櫃,光電業,2025-07-11 02:58
5321,美而快,上櫃,數位雲端,2025-07-11 02:58
5324,士開,上櫃,建材營造業,2025-07-11 02:58
5328,華容,上櫃,電子零組件業,2025-07-11 02:58
5340,建榮,上櫃,電子零組件業,2025-07-11 02:58
5344,立衛,上櫃,半導體業,2025-07-11 02:58
5345,天揚,上櫃,其他業,2025-07-11 02:58
5347,世界,上櫃,半導體業,2025-07-11 02:58
5348,正能量智能,上櫃,運動休閒,2025-07-11 02:58
5351,鈺創,上櫃,半導體業,2025-07-11 02:58
5353,台林,上櫃,通信網路業,2025-07-11 02:58
5355,佳總,上櫃,電子零組件業,2025-07-11 02:58
5356,協益,上櫃,電腦及週邊設備業,2025-07-11 02:58
5364,力麗店,上櫃,觀光餐旅,2025-07-11 02:58
5371,中光電,上櫃,光電業,2025-07-11 02:58
5381,合正,上櫃,電子零組件業,2025-07-11 02:58
5386,青雲,上櫃,電腦及週邊設備業,2025-07-11 02:58
5388,中磊,上市,通信網路業,2025-07-11 02:58
5392,能率,上櫃,光電業,2025-07-11 02:58
5398,慕康生醫,上櫃,其他業,2025-07-11 02:58
5403,中菲,上櫃,資訊服務業,2025-07-11 02:58
5410,國眾,上櫃,資訊服務業,2025-07-11 02:58
5425,台半,上櫃,半導體業,2025-07-11 02:58
5426,振發,上櫃,電腦及週邊設備業,2025-07-11 02:58
5432,新門,上櫃,綠能環保,2025-07-11 02:58
5434,崇越,上市,電子通路業,2025-07-11 02:58
5438,東友,上櫃,電腦及週邊設備業,2025-07-11 02:58
5439,高技,上櫃,電子零組件業,2025-07-11 02:58
5443,均豪,上櫃,半導體業,2025-07-11 02:58
5450,南良,上櫃,其他業,2025-07-11 02:58
5452,佶優,上櫃,其他電子業,2025-07-11 02:58
5455,昇益,上櫃,建材營造業,2025-07-11 02:58
5457,宣德,上櫃,電子零組件業,2025-07-11 02:58
5460,同協,上櫃,電子零組件業,2025-07-11 02:58
5464,霖宏,上櫃,電子零組件業,2025-07-11 02:58
5465,富驊,上櫃,電腦及週邊設備業,2025-07-11 02:58
5468,凱鈺,上櫃,半導體業,2025-07-11 02:58
5469,瀚宇博,上市,電子零組件業,2025-07-11 02:58
5471,松翰,上市,半導體業,2025-07-11 02:58
5474,聰泰,上櫃,電腦及週邊設備業,2025-07-11 02:58
5475,德宏,上櫃,電子零組件業,2025-07-11 02:58
5478,智冠,上櫃,文化創意業,2025-07-11 02:58
5481,新華,上櫃,其他業,2025-07-11 02:58
5483,中美晶,上櫃,半導體業,2025-07-11 02:58
5484,慧友,上市,光電業,2025-07-11 02:58
5487,通泰,上櫃,半導體業,2025-07-11 02:58
5488,松普,上櫃,電子零組件業,2025-07-11 02:58
5489,彩富,上櫃,其他電子業,2025-07-11 02:58
5490,同亨,上櫃,電腦及週邊設備業,2025-07-11 02:58
5493,三聯,上櫃,其他電子業,2025-07-11 02:58
5498,凱崴,上櫃,電子零組件業,2025-07-11 02:58
5508,永信建,上櫃,建材營造業,2025-07-11 02:58
5511,德昌,上櫃,建材營造業,2025-07-11 02:58
5512,力麒,上櫃,建材營造業,2025-07-11 02:58
5514,三豐,上櫃,建材營造業,2025-07-11 02:58
5515,建國,上市,建材營造業,2025-07-11 02:58
5516,雙喜,上櫃,建材營造業,2025-07-11 02:58
5519,隆大,上市,建材營造業,2025-07-11 02:58
5520,力泰,上櫃,建材營造業,2025-07-11 02:58
5521,工信,上市,建材營造業,2025-07-11 02:58
5522,遠雄,上市,建材營造業,2025-07-11 02:58
5523,豐謙,上櫃,建材營造業,2025-07-11 02:58
5525,順天,上市,建材營造業,2025-07-11 02:58
5529,鉅陞,上櫃,建材營造業,2025-07-11 02:58
5530,龍巖,上櫃,其他業,2025-07-11 02:58
5531,鄉林,上市,建材營造業,2025-07-11 02:58
5533,皇鼎,上市,建材營造業,2025-07-11 02:58
5534,長虹,上市,建材營造業,2025-07-11 02:58
5536,聖暉*,上櫃,其他電子業,2025-07-11 02:58
5538,東明-KY,上市,鋼鐵工業,2025-07-11 02:58
5543,桓鼎-KY,上櫃,建材營造業,2025-07-11 02:58
5546,永固-KY,上市,建材營造業,2025-07-11 02:58
5548,安倉,上櫃,建材營造業,2025-07-11 02:58
5601,台聯櫃,上櫃,航運業,2025-07-11 02:58
5603,陸海,上櫃,航運業,2025-07-11 02:58
5604,中連,上櫃,其他業,2025-07-11 02:58
5607,遠雄港,上市,航運業,2025-07-11 02:58
5608,四維航,上市,航運業,2025-07-11 02:58
5609,中菲行,上櫃,航運業,2025-07-11 02:58
5701,劍湖山,上櫃,觀光餐旅,2025-07-11 02:58
5703,亞都,上櫃,觀光餐旅,2025-07-11 02:58
5704,老爺知,上櫃,觀光餐旅,2025-07-11 02:58
5706,鳳凰,上市,觀光餐旅,2025-07-11 02:58
5864,致和證,上櫃,金融保險業,2025-07-11 02:58
5871,中租-KY,上市,其他業,2025-07-11 02:58
5876,上海商銀,上市,金融保險業,2025-07-11 02:58
5878,台名,上櫃,金融保險業,2025-07-11 02:58
5880,合庫金,上市,金融保險業,2025-07-11 02:58
5902,德記,上櫃,居家生活,2025-07-11 02:58
5903,全家,上櫃,居家生活,2025-07-11 02:58
5904,寶雅,上櫃,居家生活,2025-07-11 02:58
5905,南仁湖,上櫃,觀光餐旅,2025-07-11 02:58
5906,台南-KY,上市,貿易百貨業,2025-07-11 02:58
5907,大洋-KY,上市,貿易百貨業,2025-07-11 02:58
6005,群益證,上市,金融保險業,2025-07-11 02:58
6015,宏遠證,上櫃,金融保險業,2025-07-11 02:58
6016,康和證,上櫃,金融保險業,2025-07-11 02:58
6020,大展證,上櫃,金融保險業,2025-07-11 02:58
6021,美好證,上櫃,金融保險業,2025-07-11 02:58
6023,元大期,上櫃,金融保險業,2025-07-11 02:58
6024,群益期,上市,金融保險業,2025-07-11 02:58
6026,福邦證,上櫃,金融保險業,2025-07-11 02:58
6101,寬魚國際,上櫃,文化創意業,2025-07-11 02:58
6103,合邦,上櫃,半導體業,2025-07-11 02:58
6104,創惟,上櫃,半導體業,2025-07-11 02:58
6108,競國,上市,電子零組件業,2025-07-11 02:58
6109,亞元,上櫃,通信網路業,2025-07-11 02:58
6111,大宇資,上櫃,文化創意業,2025-07-11 02:58
6112,邁達特,上市,資訊服務業,2025-07-11 02:58
6113,亞矽,上櫃,電子通路業,2025-07-11 02:58
6114,久威,上櫃,電子零組件業,2025-07-11 02:58
6115,鎰勝,上市,電子零組件業,2025-07-11 02:58
6116,彩晶,上市,光電業,2025-07-11 02:58
6117,迎廣,上市,電腦及週邊設備業,2025-07-11 02:58
6118,建達,上櫃,電子通路業,2025-07-11 02:58
6120,達運,上市,光電業,2025-07-11 02:58
6121,新普,上櫃,電腦及週邊設備業,2025-07-11 02:58
6122,擎邦,上櫃,電機機械,2025-07-11 02:58
6123,上奇,上櫃,資訊服務業,2025-07-11 02:58
6124,業強,上櫃,電子零組件業,2025-07-11 02:58
6125,廣運,上櫃,光電業,2025-07-11 02:58
6126,信音,上櫃,電子零組件業,2025-07-11 02:58
6127,九豪,上櫃,電子零組件業,2025-07-11 02:58
6128,上福,上市,電腦及週邊設備業,2025-07-11 02:58
6129,普誠,上櫃,半導體業,2025-07-11 02:58
6130,上亞科技,上櫃,生技醫療業,2025-07-11 02:58
6133,金橋,上市,電子零組件業,2025-07-11 02:58
6134,萬旭,上櫃,電子零組件業,2025-07-11 02:58
6136,富爾特,上市,通信網路業,2025-07-11 02:58
6138,茂達,上櫃,半導體業,2025-07-11 02:58
6139,亞翔,上市,其他電子業,2025-07-11 02:58
6140,訊達,上櫃,資訊服務業,2025-07-11 02:58
6141,柏承,上市,電子零組件業,2025-07-11 02:58
6142,友勁,上市,通信網路業,2025-07-11 02:58
6143,振曜,上櫃,通信網路業,2025-07-11 02:58
6144,得利影,上櫃,文化創意業,2025-07-11 02:58
6146,耕興,上櫃,其他電子業,2025-07-11 02:58
6147,頎邦,上櫃,半導體業,2025-07-11 02:58
6148,驊宏資,上櫃,資訊服務業,2025-07-11 02:58
6150,撼訊,上櫃,電腦及週邊設備業,2025-07-11 02:58
6151,晉倫,上櫃,其他電子業,2025-07-11 02:58
6152,百一,上市,通信網路業,2025-07-11 02:58
6153,嘉聯益,上市,電子零組件業,2025-07-11 02:58
6154,順發,上櫃,電子通路業,2025-07-11 02:58
6155,鈞寶,上市,電子零組件業,2025-07-11 02:58
6156,松上,上櫃,電子零組件業,2025-07-11 02:58
6158,禾昌,上櫃,電子零組件業,2025-07-11 02:58
6160,欣技,上櫃,電腦及週邊設備業,2025-07-11 02:58
6161,捷波,上櫃,電腦及週邊設備業,2025-07-11 02:58
6163,華電網,上櫃,通信網路業,2025-07-11 02:58
6164,華興,上市,光電業,2025-07-11 02:58
6165,浪凡,上市,數位雲端,2025-07-11 02:58
6166,凌華,上市,電腦及週邊設備業,2025-07-11 02:58
6167,久正,上櫃,光電業,2025-07-11 02:58
6168,宏齊,上市,光電業,2025-07-11 02:58
6169,昱泉,上櫃,文化創意業,2025-07-11 02:58
6170,統振,上櫃,通信網路業,2025-07-11 02:58
6171,大城地產,上櫃,建材營造業,2025-07-11 02:58
6173,信昌電,上櫃,電子零組件業,2025-07-11 02:58
6174,安��,上櫃,電子零組件業,2025-07-11 02:58
6175,立敦,上櫃,電子零組件業,2025-07-11 02:58
6176,瑞儀,上市,光電業,2025-07-11 02:58
6177,達麗,上市,建材營造業,2025-07-11 02:58
6179,亞通,上櫃,其他業,2025-07-11 02:58
6180,橘子,上櫃,文化創意業,2025-07-11 02:58
6182,合晶,上櫃,半導體業,2025-07-11 02:58
6183,關貿,上市,資訊服務業,2025-07-11 02:58
6184,大豐電,上市,其他業,2025-07-11 02:58
6185,幃翔,上櫃,電子零組件業,2025-07-11 02:58
6186,新潤,上櫃,建材營造業,2025-07-11 02:58
6187,萬潤,上櫃,半導體業,2025-07-11 02:58
6188,廣明,上櫃,電腦及週邊設備業,2025-07-11 02:58
6189,豐藝,上市,電子通路業,2025-07-11 02:58
6190,萬泰科,上櫃,通信網路業,2025-07-11 02:58
6191,精成科,上市,電子零組件業,2025-07-11 02:58
6192,巨路,上市,其他電子業,2025-07-11 02:58
6194,育富,上櫃,電子零組件業,2025-07-11 02:58
6195,詩肯,上櫃,居家生活,2025-07-11 02:58
6196,帆宣,上市,其他電子業,2025-07-11 02:58
6197,佳必琪,上市,電子零組件業,2025-07-11 02:58
6198,瑞築,上櫃,建材營造業,2025-07-11 02:58
6199,天品,上櫃,其他業,2025-07-11 02:58
6201,亞弘電,上市,其他電子業,2025-07-11 02:58
6202,盛群,上市,半導體業,2025-07-11 02:58
6203,海韻電,上櫃,電子零組件業,2025-07-11 02:58
6204,艾華,上櫃,電子零組件業,2025-07-11 02:58
6205,詮欣,上市,電子零組件業,2025-07-11 02:58
6206,飛捷,上市,電腦及週邊設備業,2025-07-11 02:58
6207,雷科,上櫃,電子零組件業,2025-07-11 02:58
6208,日揚,上櫃,半導體業,2025-07-11 02:58
6209,今國光,上市,光電業,2025-07-11 02:58
6210,慶生,上櫃,電子零組件業,2025-07-11 02:58
6212,理銘,上櫃,建材營造業,2025-07-11 02:58
6213,聯茂,上市,電子零組件業,2025-07-11 02:58
6214,精誠,上市,資訊服務業,2025-07-11 02:58
6215,和椿,上市,其他電子業,2025-07-11 02:58
6216,居易,上市,通信網路業,2025-07-11 02:58
6217,中探針,上櫃,電子零組件業,2025-07-11 02:58
6218,豪勉,上櫃,通信網路業,2025-07-11 02:58
6219,富旺,上櫃,建材營造業,2025-07-11 02:58
6220,岳豐,上櫃,電子零組件業,2025-07-11 02:58
6221,晉泰,上櫃,資訊服務業,2025-07-11 02:58
6222,立軒,上櫃,光電業,2025-07-11 02:58
6223,旺矽,上櫃,半導體業,2025-07-11 02:58
6224,聚鼎,上市,電子零組件業,2025-07-11 02:58
6225,天瀚,上市,光電業,2025-07-11 02:58
6226,光鼎,上市,光電業,2025-07-11 02:58
6227,茂綸,上櫃,電子通路業,2025-07-11 02:58
6228,全譜,上櫃,電腦及週邊設備業,2025-07-11 02:58
6229,研通,上櫃,半導體業,2025-07-11 02:58
6230,尼得科超眾,上市,電腦及週邊設備業,2025-07-11 02:58
6231,系微,上櫃,資訊服務業,2025-07-11 02:58
6233,旺玖,上櫃,半導體業,2025-07-11 02:58
6234,高僑,上櫃,光電業,2025-07-11 02:58
6235,華孚,上市,電腦及週邊設備業,2025-07-11 02:58
6236,中湛,上櫃,其他業,2025-07-11 02:58
6237,驊訊,上櫃,半導體業,2025-07-11 02:58
6239,力成,上市,半導體業,2025-07-11 02:58
6240,松崗,上櫃,資訊服務業,2025-07-11 02:58
6241,易通展,上櫃,通信網路業,2025-07-11 02:58
6242,立康,上櫃,生技醫療業,2025-07-11 02:58
6243,迅杰,上市,半導體業,2025-07-11 02:58
6244,茂迪,上櫃,光電業,2025-07-11 02:58
6245,立端,上櫃,通信網路業,2025-07-11 02:58
6246,臺龍,上櫃,光電業,2025-07-11 02:58
6248,沛波,上櫃,鋼鐵工業,2025-07-11 02:58
6257,矽格,上市,半導體業,2025-07-11 02:58
6259,百徽,上櫃,電子零組件業,2025-07-11 02:58
6261,久元,上櫃,半導體業,2025-07-11 02:58
6263,普萊德,上櫃,通信網路業,2025-07-11 02:58
6264,富裔,上櫃,建材營造業,2025-07-11 02:58
6265,方土昶,上櫃,電子通路業,2025-07-11 02:58
6266,泰詠,上櫃,電子零組件業,2025-07-11 02:58
6269,台郡,上市,電子零組件業,2025-07-11 02:58
6270,倍微,上櫃,電子通路業,2025-07-11 02:58
6271,同欣電,上市,半導體業,2025-07-11 02:58
6274,台燿,上櫃,電子零組件業,2025-07-11 02:58
6275,元山,上櫃,電子零組件業,2025-07-11 02:58
6276,安鈦克,上櫃,電腦及週邊設備業,2025-07-11 02:58
6277,宏正,上市,電腦及週邊設備業,2025-07-11 02:58
6278,台表科,上市,光電業,2025-07-11 02:58
6279,胡連,上櫃,電子零組件業,2025-07-11 02:58
6281,全國電,上市,電子通路業,2025-07-11 02:58
6282,康舒,上市,電子零組件業,2025-07-11 02:58
6283,淳安,上市,其他電子業,2025-07-11 02:58
6284,佳邦,上櫃,電子零組件業,2025-07-11 02:58
6285,啟��,上市,通信網路業,2025-07-11 02:58
6288,聯嘉,上市,汽車工業,2025-07-11 02:58
6290,良維,上櫃,電子零組件業,2025-07-11 02:58
6291,沛亨,上櫃,半導體業,2025-07-11 02:58
6292,迅德,上櫃,電子零組件業,2025-07-11 02:58
6294,智基,上櫃,文化創意業,2025-07-11 02:58
6405,悅城,上市,光電業,2025-07-11 02:58
6409,旭隼,上市,其他電子業,2025-07-11 02:58
6411,晶焱,上櫃,半導體業,2025-07-11 02:58
6412,群電,上市,電子零組件業,2025-07-11 02:58
6414,樺漢,上市,電腦及週邊設備業,2025-07-11 02:58
6415,矽力*-KY,上市,半導體業,2025-07-11 02:58
6416,瑞祺電通,上市,通信網路業,2025-07-11 02:58
6417,韋僑,上櫃,通信網路業,2025-07-11 02:58
6418,詠昇,上櫃,電子零組件業,2025-07-11 02:58
6419,京晨科,上櫃,光電業,2025-07-11 02:58
6425,易發,上櫃,電機機械,2025-07-11 02:58
6426,統新,上市,通信網路業,2025-07-11 02:58
6431,光麗-KY,上市,生技醫療業,2025-07-11 02:58
6432,今展科,上櫃,電子零組件業,2025-07-11 02:58
6435,大中,上櫃,半導體業,2025-07-11 02:58
6438,迅得,上市,其他電子業,2025-07-11 02:58
6441,廣錠,上櫃,電腦及週邊設備業,2025-07-11 02:58
6442,光聖,上市,通信網路業,2025-07-11 02:58
6443,元晶,上市,光電業,2025-07-11 02:58
6446,藥華藥,上市,生技醫療業,2025-07-11 02:58
6449,鈺邦,上市,電子零組件業,2025-07-11 02:58
6451,訊芯-KY,上市,半導體業,2025-07-11 02:58
6456,GIS-KY,上市,光電業,2025-07-11 02:58
6461,益得,上櫃,生技醫療業,2025-07-11 02:58
6462,神盾,上櫃,半導體業,2025-07-11 02:58
6464,台數科,上市,其他業,2025-07-11 02:58
6465,威潤,上櫃,通信網路業,2025-07-11 02:58
6469,大樹,上櫃,生技醫療業,2025-07-11 02:58
6470,宇智,上櫃,通信網路業,2025-07-11 02:58
6472,保瑞,上市,生技醫療業,2025-07-11 02:58
6477,安集,上市,光電業,2025-07-11 02:58
6482,弘煜科,上櫃,文化創意業,2025-07-11 02:58
6485,點序,上櫃,半導體業,2025-07-11 02:58
6486,互動,上櫃,通信網路業,2025-07-11 02:58
6488,環球晶,上櫃,半導體業,2025-07-11 02:58
6491,晶碩,上市,生技醫療業,2025-07-11 02:58
6492,生華科,上櫃,生技醫療業,2025-07-11 02:58
6494,九齊,上櫃,半導體業,2025-07-11 02:58
6496,科懋,上櫃,生技醫療業,2025-07-11 02:58
6498,久禾光,上櫃,光電業,2025-07-11 02:58
6499,益安,上櫃,生技醫療業,2025-07-11 02:58
6504,南六,上市,其他業,2025-07-11 02:58
6505,台塑化,上市,油電燃氣業,2025-07-11 02:58
6506,雙邦,上櫃,紡織纖維,2025-07-11 02:58
6508,惠光,上櫃,農業科技業,2025-07-11 02:58
6509,聚和,上櫃,化學工業,2025-07-11 02:58
6510,精測,上櫃,半導體業,2025-07-11 02:58
6512,啟發電,上櫃,其他電子業,2025-07-11 02:58
6515,穎崴,上市,半導體業,2025-07-11 02:58
6516,勤崴國際,上櫃,資訊服務業,2025-07-11 02:58
6517,保勝光學,上櫃,光電業,2025-07-11 02:58
6523,達爾膚,上櫃,生技醫療業,2025-07-11 02:58
6525,捷敏-KY,上市,半導體業,2025-07-11 02:58
6526,達發,上市,半導體業,2025-07-11 02:58
6527,明達醫,上櫃,生技醫療業,2025-07-11 02:58
6530,創威,上櫃,通信網路業,2025-07-11 02:58
6531,愛普*,上市,半導體業,2025-07-11 02:58
6532,瑞耘,上櫃,半導體業,2025-07-11 02:58
6533,晶心科,上市,半導體業,2025-07-11 02:58
6535,順藥,上櫃,生技醫療業,2025-07-11 02:58
6538,倉和,上櫃,電子零組件業,2025-07-11 02:58
6541,泰福-KY,上市,生技醫療業,2025-07-11 02:58
6542,隆中,上櫃,文化創意業,2025-07-11 02:58
6546,正基,上櫃,通信網路業,2025-07-11 02:58
6547,高端疫苗,上櫃,生技醫療業,2025-07-11 02:58
6548,長科*,上櫃,半導體業,2025-07-11 02:58
6550,北極星藥業-KY,上市,生技醫療業,2025-07-11 02:58
6552,易華電,上市,半導體業,2025-07-11 02:58
6556,勝品,上櫃,光電業,2025-07-11 02:58
6558,興能高,上市,其他電子業,2025-07-11 02:58
6560,欣普羅,上櫃,光電業,2025-07-11 02:58
6561,是方,上櫃,通信網路業,2025-07-11 02:58
6568,宏觀,上櫃,半導體業,2025-07-11 02:58
6569,醫揚,上櫃,生技醫療業,2025-07-11 02:58
6570,維田,上櫃,電腦及週邊設備業,2025-07-11 02:58
6573,虹揚-KY,上市,半導體業,2025-07-11 02:58
6574,霈方,上櫃,生技醫療業,2025-07-11 02:58
6576,逸達,上櫃,生技醫療業,2025-07-11 02:58
6577,勁豐,上櫃,電腦及週邊設備業,2025-07-11 02:58
6578,達邦蛋白,上櫃,農業科技業,2025-07-11 02:58
6579,研揚,上市,電腦及週邊設備業,2025-07-11 02:58
6581,鋼聯,上市,綠能環保,2025-07-11 02:58
6582,申豐,上市,橡膠工業,2025-07-11 02:58
6584,南俊國際,上櫃,電子零組件業,2025-07-11 02:58
6585,鼎基,上市,其他業,2025-07-11 02:58
6588,東典光電,上櫃,通信網路業,2025-07-11 02:58
6589,台康生技,上櫃,生技醫療業,2025-07-11 02:58
6590,普鴻,上櫃,資訊服務業,2025-07-11 02:58
6591,動力-KY,上市,電腦及週邊設備業,2025-07-11 02:58
6592,和潤企業,上市,其他業,2025-07-11 02:58
6593,台灣銘板,上櫃,資訊服務業,2025-07-11 02:58
6596,寬宏藝術,上櫃,文化創意業,2025-07-11 02:58
6597,立誠,上櫃,電子零組件業,2025-07-11 02:58
6598,ABC-KY,上市,生技醫療業,2025-07-11 02:58
6603,富強鑫,上櫃,電機機械,2025-07-11 02:58
6605,帝寶,上市,汽車工業,2025-07-11 02:58
6606,建德工業,上市,電機機械,2025-07-11 02:58
6609,瀧澤科,上櫃,電機機械,2025-07-11 02:58
6612,奈米醫材,上櫃,生技醫療業,2025-07-11 02:58
6613,朋億*,上櫃,其他電子業,2025-07-11 02:58
6615,慧智,上櫃,生技醫療業,2025-07-11 02:58
6616,特昇-KY,上櫃,居家生活,2025-07-11 02:58
6617,共信-KY,上櫃,生技醫療業,2025-07-11 02:58
6624,萬年清,上櫃,綠能環保,2025-07-11 02:58
6625,必應,上市,其他業,2025-07-11 02:58
6629,泰金-KY,上櫃,居家生活,2025-07-11 02:58
6637,醫影,上櫃,生技醫療業,2025-07-11 02:58
6640,均華,上櫃,半導體業,2025-07-11 02:58
6641,基士德-KY,上市,綠能環保,2025-07-11 02:58
6642,富致,上櫃,電子零組件業,2025-07-11 02:58
6643,M31,上櫃,半導體業,2025-07-11 02:58
6649,台生材,上櫃,生技醫療業,2025-07-11 02:58
6651,全宇昕,上櫃,半導體業,2025-07-11 02:58
6654,天正國際,上櫃,其他電子業,2025-07-11 02:58
6655,科定,上市,其他業,2025-07-11 02:58
6657,華安,上市,生技醫療業,2025-07-11 02:58
6658,聯策,上市,其他電子業,2025-07-11 02:58
6661,威健生技,上櫃,生技醫療業,2025-07-11 02:58
6662,樂斯科,上櫃,生技醫療業,2025-07-11 02:58
6664,群翊,上櫃,電子零組件業,2025-07-11 02:58
6666,羅麗芬-KY,上市,生技醫療業,2025-07-11 02:58
6667,信紘科,上櫃,其他電子業,2025-07-11 02:58
6668,中揚光,上市,光電業,2025-07-11 02:58
6669,緯穎,上市,電腦及週邊設備業,2025-07-11 02:58
6670,復盛應用,上市,運動休閒,2025-07-11 02:58
6671,三能-KY,上市,居家生活,2025-07-11 02:58
6672,騰輝電子-KY,上市,電子零組件業,2025-07-11 02:58
6674,鋐寶科技,上市,通信網路業,2025-07-11 02:58
6679,鈺太,上櫃,半導體業,2025-07-11 02:58
6680,鑫創電子,上櫃,電腦及週邊設備業,2025-07-11 02:58
6683,雍智科技,上櫃,半導體業,2025-07-11 02:58
6684,安格,上櫃,半導體業,2025-07-11 02:58
6689,伊雲谷,上市,數位雲端,2025-07-11 02:58
6690,安�硌穈T,上櫃,數位雲端,2025-07-11 02:58
6691,洋基工程,上市,其他電子業,2025-07-11 02:58
6692,進能服,上櫃,綠能環保,2025-07-11 02:58
6693,廣閎科,上櫃,半導體業,2025-07-11 02:58
6695,芯鼎,上市,半導體業,2025-07-11 02:58
6697,東捷資訊,上櫃,資訊服務業,2025-07-11 02:58
6698,旭暉應材,上市,其他電子業,2025-07-11 02:58
6703,軒郁,上櫃,生技醫療業,2025-07-11 02:58
6706,惠特,上市,光電業,2025-07-11 02:58
6708,天擎,上櫃,半導體業,2025-07-11 02:58
6712,長聖,上櫃,生技醫療業,2025-07-11 02:58
6715,嘉基,上市,電子零組件業,2025-07-11 02:58
6716,應廣,上櫃,半導體業,2025-07-11 02:58
6719,力智,上市,半導體業,2025-07-11 02:58
6720,久昌,上櫃,半導體業,2025-07-11 02:58
6721,信實,上櫃,其他業,2025-07-11 02:58
6727,亞泰金屬,上櫃,電子零組件業,2025-07-11 02:58
6728,上洋,上櫃,居家生活,2025-07-11 02:58
6732,昇佳電子,上櫃,半導體業,2025-07-11 02:58
6733,博晟生醫,上櫃,生技醫療業,2025-07-11 02:58
6735,美達科技,上櫃,其他電子業,2025-07-11 02:58
6739,竹陞科技,上櫃,其他電子業,2025-07-11 02:58
6741,91APP*-KY,上櫃,數位雲端,2025-07-11 02:58
6742,澤米,上市,光電業,2025-07-11 02:58
6743,安普新,上市,其他電子業,2025-07-11 02:58
6747,亨泰光,上櫃,生技醫療業,2025-07-11 02:58
6751,智聯服務,上櫃,資訊服務業,2025-07-11 02:58
6752,叡揚,上櫃,資訊服務業,2025-07-11 02:58
6753,龍德造船,上市,航運業,2025-07-11 02:58
6754,匯僑設計,上市,居家生活,2025-07-11 02:58
6756,威鋒電子,上市,半導體業,2025-07-11 02:58
6757,台灣虎航,上市,航運業,2025-07-11 02:58
6761,穩得,上櫃,電子零組件業,2025-07-11 02:58
6762,達亞,上櫃,生技醫療業,2025-07-11 02:58
6763,綠界科技*,上櫃,數位雲端,2025-07-11 02:58
6767,台微醫,上櫃,生技醫療業,2025-07-11 02:58
6768,志強-KY,上市,運動休閒,2025-07-11 02:58
6770,力積電,上市,半導體業,2025-07-11 02:58
6776,展�眥篕�,上市,電子通路業,2025-07-11 02:58
6781,AES-KY,上市,電子零組件業,2025-07-11 02:58
6782,視陽,上市,生技醫療業,2025-07-11 02:58
6785,昱展新藥,上櫃,生技醫療業,2025-07-11 02:58
6788,華景電,上櫃,半導體業,2025-07-11 02:58
6789,采鈺,上市,半導體業,2025-07-11 02:58
6790,永豐實,上市,造紙工業,2025-07-11 02:58
6791,虎門科技,上櫃,資訊服務業,2025-07-11 02:58
6792,詠業,上市,通信網路業,2025-07-11 02:58
6796,晉弘,上市,生技醫療業,2025-07-11 02:58
6799,來頡,上市,半導體業,2025-07-11 02:58
6803,崑鼎,上櫃,綠能環保,2025-07-11 02:58
6804,明係,上櫃,運動休閒,2025-07-11 02:58
6805,富世達,上市,電子零組件業,2025-07-11 02:58
6806,森崴能源,上市,綠能環保,2025-07-11 02:58
6807,峰源-KY,上市,居家生活,2025-07-11 02:58
6811,宏�硌穈T,上櫃,數位雲端,2025-07-11 02:58
6821,聯寶,上櫃,電子零組件業,2025-07-11 02:58
6823,濾能,上櫃,半導體業,2025-07-11 02:58
6829,千附精密,上櫃,半導體業,2025-07-11 02:58
6830,汎銓,上市,其他電子業,2025-07-11 02:58
6834,天二科技,上市,電子零組件業,2025-07-11 02:58
6835,圓裕,上市,電子零組件業,2025-07-11 02:58
6838,台新藥,上市,生技醫療業,2025-07-11 02:58
6840,東研信超,上櫃,其他電子業,2025-07-11 02:58
6841,長佳智能,上櫃,生技醫療業,2025-07-11 02:58
6843,進典,上櫃,電機機械,2025-07-11 02:58
6844,諾貝兒,上櫃,生技醫療業,2025-07-11 02:58
6846,綠茵,上櫃,食品工業,2025-07-11 02:58
6855,數泓科,上櫃,其他電子業,2025-07-11 02:58
6856,鑫傳,上櫃,文化創意業,2025-07-11 02:58
6859,伯特光,上櫃,光電業,2025-07-11 02:58
6861,睿生光電,上市,生技醫療業,2025-07-11 02:58
6862,三集瑞-KY,上市,電子零組件業,2025-07-11 02:58
6863,永道-KY,上市,通信網路業,2025-07-11 02:58
6865,偉康科技,上櫃,數位雲端,2025-07-11 02:58
6869,雲豹能源,上市,綠能環保,2025-07-11 02:58
6870,騰雲,上櫃,數位雲端,2025-07-11 02:58
6872,浩宇生醫,上櫃,生技醫療業,2025-07-11 02:58
6873,泓德能源,上市,綠能環保,2025-07-11 02:58
6874,倍力,上櫃,資訊服務業,2025-07-11 02:58
6875,國邑*,上櫃,生技醫療業,2025-07-11 02:58
6877,鏵友益,上櫃,其他電子業,2025-07-11 02:58
6881,潤德,上櫃,其他業,2025-07-11 02:58
6885,全福生技,上市,生技醫療業,2025-07-11 02:58
6887,寶綠特-KY,上市,綠能環保,2025-07-11 02:58
6890,來億-KY,上市,運動休閒,2025-07-11 02:58
6894,衛司特,上櫃,綠能環保,2025-07-11 02:58
6895,宏碩系統,上櫃,半導體業,2025-07-11 02:58
6899,創為精密,上櫃,光電業,2025-07-11 02:58
6901,鑽石投資,上市,其他業,2025-07-11 02:58
6902,GOGOLOOK,上市,數位雲端,2025-07-11 02:58
6903,巨漢,上櫃,其他電子業,2025-07-11 02:58
6904,伯鑫,上櫃,其他業,2025-07-11 02:58
6906,現觀科,上市,數位雲端,2025-07-11 02:58
6909,創控,上市,半導體業,2025-07-11 02:58
6913,鴻呈,上櫃,電子零組件業,2025-07-11 02:58
6914,阜爾運通,上市,其他業,2025-07-11 02:58
6916,華凌,上市,光電業,2025-07-11 02:58
6918,愛派司,上市,生技醫療業,2025-07-11 02:58
6919,康霈*,上市,生技醫療業,2025-07-11 02:58
6922,宸曜,上櫃,電腦及週邊設備業,2025-07-11 02:58
6923,中台,上市,綠能環保,2025-07-11 02:58
6925,意藍,上櫃,數位雲端,2025-07-11 02:58
6928,攸泰科技,上市,電腦及週邊設備業,2025-07-11 02:58
6929,佑全,上櫃,生技醫療業,2025-07-11 02:58
6931,青松健康,上市,生技醫療業,2025-07-11 02:58
6933,AMAX-KY,上市,電腦及週邊設備業,2025-07-11 02:58
6936,永鴻生技,上市,生技醫療業,2025-07-11 02:58
6937,天虹,上市,半導體業,2025-07-11 02:58
6944,兆聯實業,上市,綠能環保,2025-07-11 02:58
6952,大武山,上市,其他業,2025-07-11 02:58
6953,家碩,上櫃,半導體業,2025-07-11 02:58
6957,裕慶-KY,上市,其他業,2025-07-11 02:58
6958,日盛台駿,上市,其他業,2025-07-11 02:58
6962,奕力-KY,上市,半導體業,2025-07-11 02:58
6965,中傑-KY,上市,運動休閒,2025-07-11 02:58
6967,汎瑋材料,上櫃,電子零組件業,2025-07-11 02:58
6968,萬達寵物,上櫃,居家生活,2025-07-11 02:58
6982,大井泵浦,上櫃,電機機械,2025-07-11 02:58
6994,富威電力,上市,綠能環保,2025-07-11 02:58
6996,力領科技,上櫃,半導體業,2025-07-11 02:58
6997,博弘,上櫃,數位雲端,2025-07-11 02:58
7402,邑錡,上櫃,光電業,2025-07-11 02:58
7556,意德士,上櫃,半導體業,2025-07-11 02:58
7584,樂意,上櫃,文化創意業,2025-07-11 02:58
7642,昶瑞機電,上櫃,電機機械,2025-07-11 02:58
7703,銳澤,上櫃,其他電子業,2025-07-11 02:58
7704,明遠精密,上櫃,半導體業,2025-07-11 02:58
7705,三商餐飲,上市,觀光餐旅,2025-07-11 02:58
7708,全家餐飲,上櫃,觀光餐旅,2025-07-11 02:58
7709,榮田,上櫃,電機機械,2025-07-11 02:58
7712,博盛半導體,上櫃,半導體業,2025-07-11 02:58
7713,威力德生醫,上櫃,生技醫療業,2025-07-11 02:58
7714,創泓科技,上櫃,數位雲端,2025-07-11 02:58
7715,裕山,上櫃,綠能環保,2025-07-11 02:58
7718,友鋮,上櫃,鋼鐵工業,2025-07-11 02:58
7722,LINEPAY,上市,數位雲端,2025-07-11 02:58
7723,築間,上櫃,觀光餐旅,2025-07-11 02:58
7728,光焱科技,上櫃,其他電子業,2025-07-11 02:58
7732,金興精密,上市,汽車工業,2025-07-11 02:58
7734,印能科技,上櫃,半導體業,2025-07-11 02:58
7736,虎山,上市,汽車工業,2025-07-11 02:58
7743,金利食安,上櫃,食品工業,2025-07-11 02:58
7747,昕奇雲端,上櫃,數位雲端,2025-07-11 02:58
7749,意騰-KY,上市,半導體業,2025-07-11 02:58
8011,台通,上市,通信網路業,2025-07-11 02:58
8016,矽創,上市,半導體業,2025-07-11 02:58
8021,尖點,上市,其他電子業,2025-07-11 02:58
8024,佑華,上櫃,半導體業,2025-07-11 02:58
8027,鈦昇,上櫃,電機機械,2025-07-11 02:58
8028,昇陽半導體,上市,半導體業,2025-07-11 02:58
8032,光菱,上櫃,電子通路業,2025-07-11 02:58
8033,雷虎,上市,其他業,2025-07-11 02:58
8034,榮群,上櫃,通信網路業,2025-07-11 02:58
8038,長園科,上櫃,電子零組件業,2025-07-11 02:58
8039,台虹,上市,電子零組件業,2025-07-11 02:58
8040,九暘,上櫃,半導體業,2025-07-11 02:58
8042,金山電,上櫃,電子零組件業,2025-07-11 02:58
8043,蜜望實,上櫃,電子零組件業,2025-07-11 02:58
8044,網家,上櫃,數位雲端,2025-07-11 02:58
8045,達運光電,上市,通信網路業,2025-07-11 02:58
8046,南電,上市,電子零組件業,2025-07-11 02:58
8047,星雲,上櫃,其他電子業,2025-07-11 02:58
8048,德勝,上櫃,通信網路業,2025-07-11 02:58
8049,晶采,上櫃,光電業,2025-07-11 02:58
8050,廣積,上櫃,電腦及週邊設備業,2025-07-11 02:58
8054,安國,上櫃,半導體業,2025-07-11 02:58
8059,凱碩,上櫃,通信網路業,2025-07-11 02:58
8064,東捷,上櫃,光電業,2025-07-11 02:58
8066,來思達,上櫃,居家生活,2025-07-11 02:58
8067,志旭,上櫃,電子通路業,2025-07-11 02:58
8068,全達,上櫃,電子通路業,2025-07-11 02:58
8069,元太,上櫃,光電業,2025-07-11 02:58
8070,長華*,上市,電子通路業,2025-07-11 02:58
8071,能率網通,上櫃,電子零組件業,2025-07-11 02:58
8072,陞泰,上市,電子通路業,2025-07-11 02:58
8074,鉅橡,上櫃,電子零組件業,2025-07-11 02:58
8076,伍豐,上櫃,電腦及週邊設備業,2025-07-11 02:58
8077,洛��,上櫃,觀光餐旅,2025-07-11 02:58
8080,泰霖,上櫃,建材營造業,2025-07-11 02:58
8081,致新,上市,半導體業,2025-07-11 02:58
8083,瑞穎,上櫃,電機機械,2025-07-11 02:58
8084,巨虹,上櫃,電子通路業,2025-07-11 02:58
8085,福華,上櫃,其他電子業,2025-07-11 02:58
8086,宏捷科,上櫃,半導體業,2025-07-11 02:58
8087,麗升能源,上櫃,綠能環保,2025-07-11 02:58
8088,品安,上櫃,半導體業,2025-07-11 02:58
8089,康全電訊,上櫃,通信網路業,2025-07-11 02:58
8091,翔名,上櫃,半導體業,2025-07-11 02:58
8092,建暐,上櫃,其他電子業,2025-07-11 02:58
8093,保銳,上櫃,電子零組件業,2025-07-11 02:58
8096,擎亞,上櫃,電子通路業,2025-07-11 02:58
8097,常珵,上櫃,通信網路業,2025-07-11 02:58
8099,大世科,上櫃,資訊服務業,2025-07-11 02:58
8101,華冠,上市,通信網路業,2025-07-11 02:58
8103,瀚荃,上市,電子零組件業,2025-07-11 02:58
8104,錸寶,上市,光電業,2025-07-11 02:58
8105,凌巨,上市,光電業,2025-07-11 02:58
8107,大億金茂,上櫃,電機機械,2025-07-11 02:58
8109,博大,上櫃,電子零組件業,2025-07-11 02:58
8110,華東,上市,半導體業,2025-07-11 02:58
8111,立��,上櫃,光電業,2025-07-11 02:58
8112,至上,上市,電子通路業,2025-07-11 02:58
8114,振樺電,上市,電腦及週邊設備業,2025-07-11 02:58
8121,越峰,上櫃,電子零組件業,2025-07-11 02:58
8131,福懋科,上市,半導體業,2025-07-11 02:58
8147,正淩,上櫃,電子零組件業,2025-07-11 02:58
8150,南茂,上市,半導體業,2025-07-11 02:58
8155,博智,上櫃,電子零組件業,2025-07-11 02:58
8163,達方,上市,電腦及週邊設備業,2025-07-11 02:58
8171,天宇,上櫃,綠能環保,2025-07-11 02:58
8176,智捷,上櫃,通信網路業,2025-07-11 02:58
8182,加高,上櫃,電子零組件業,2025-07-11 02:58
8183,精星,上櫃,其他電子業,2025-07-11 02:58
8201,無敵,上市,其他電子業,2025-07-11 02:58
8210,勤誠,上市,電腦及週邊設備業,2025-07-11 02:58
8213,志超,上市,電子零組件業,2025-07-11 02:58
8215,明基材,上市,光電業,2025-07-11 02:58
8222,寶一,上市,電機機械,2025-07-11 02:58
8227,巨有科技,上櫃,半導體業,2025-07-11 02:58
8234,新漢,上櫃,電腦及週邊設備業,2025-07-11 02:58
8240,華宏,上櫃,光電業,2025-07-11 02:58
8249,菱光,上市,電子零組件業,2025-07-11 02:58
8255,朋程,上櫃,電機機械,2025-07-11 02:58
8261,富鼎,上市,半導體業,2025-07-11 02:58
8271,宇瞻,上市,半導體業,2025-07-11 02:58
8272,全景軟體,上櫃,資訊服務業,2025-07-11 02:58
8277,商丞,上櫃,半導體業,2025-07-11 02:58
8279,生展,上櫃,生技醫療業,2025-07-11 02:58
8284,三竹,上櫃,資訊服務業,2025-07-11 02:58
8289,泰藝,上櫃,電子零組件業,2025-07-11 02:58
8291,尚茂,上櫃,電子零組件業,2025-07-11 02:58
8299,群聯,上櫃,半導體業,2025-07-11 02:58
8341,日友,上市,綠能環保,2025-07-11 02:58
8342,益張,上櫃,其他業,2025-07-11 02:58
8349,�矬�,上櫃,鋼鐵工業,2025-07-11 02:58
8354,冠好,上櫃,其他業,2025-07-11 02:58
8358,金居,上櫃,電子零組件業,2025-07-11 02:58
8367,建新國際,上市,航運業,2025-07-11 02:58
8374,羅昇,上市,電機機械,2025-07-11 02:58
8383,千附,上櫃,半導體業,2025-07-11 02:58
8390,金益鼎,上櫃,綠能環保,2025-07-11 02:58
8401,白紗科,上櫃,其他業,2025-07-11 02:58
8403,盛弘,上櫃,生技醫療業,2025-07-11 02:58
8404,百和興業-KY,上市,其他業,2025-07-11 02:58
8409,商之器,上櫃,生技醫療業,2025-07-11 02:58
8410,森田,上櫃,電腦及週邊設備業,2025-07-11 02:58
8411,福貞-KY,上市,其他業,2025-07-11 02:58
8415,大國鋼,上櫃,鋼鐵工業,2025-07-11 02:58
8416,實威,上櫃,資訊服務業,2025-07-11 02:58
8421,旭源,上櫃,其他業,2025-07-11 02:58
8422,可寧衛,上市,綠能環保,2025-07-11 02:58
8423,保綠-KY,上櫃,綠能環保,2025-07-11 02:58
8424,惠普,上櫃,建材營造業,2025-07-11 02:58
8426,紅木-KY,上櫃,其他業,2025-07-11 02:58
8429,金麗-KY,上市,貿易百貨業,2025-07-11 02:58
8431,匯鑽科,上櫃,其他電子業,2025-07-11 02:58
8432,東生華,上櫃,生技醫療業,2025-07-11 02:58
8433,弘帆,上櫃,居家生活,2025-07-11 02:58
8435,鉅邁,上櫃,其他業,2025-07-11 02:58
8436,大江,上櫃,生技醫療業,2025-07-11 02:58
8437,大地-KY,上櫃,其他業,2025-07-11 02:58
8438,昶昕,上市,綠能環保,2025-07-11 02:58
8440,綠電,上櫃,綠能環保,2025-07-11 02:58
8442,威宏-KY,上市,其他業,2025-07-11 02:58
8443,阿瘦,上市,貿易百貨業,2025-07-11 02:58
8444,綠河-KY,上櫃,其他業,2025-07-11 02:58
8446,華研,上櫃,文化創意業,2025-07-11 02:58
8450,霹靂,上櫃,文化創意業,2025-07-11 02:58
8454,富邦媒,上市,數位雲端,2025-07-11 02:58
8455,大拓-KY,上櫃,其他電子業,2025-07-11 02:58
8462,柏文,上市,運動休閒,2025-07-11 02:58
8463,潤泰材,上市,其他業,2025-07-11 02:58
8464,億豐,上市,居家生活,2025-07-11 02:58
8466,美吉吉-KY,上市,其他業,2025-07-11 02:58
8467,波力-KY,上市,運動休閒,2025-07-11 02:58
8472,夠麻吉,上櫃,數位雲端,2025-07-11 02:58
8473,山林水,上市,綠能環保,2025-07-11 02:58
8476,台境*,上市,綠能環保,2025-07-11 02:58
8477,創業家,上櫃,數位雲端,2025-07-11 02:58
8478,東哥遊艇,上市,運動休閒,2025-07-11 02:58
8481,政伸,上市,其他業,2025-07-11 02:58
8482,商億-KY,上市,居家生活,2025-07-11 02:58
8488,吉源-KY,上市,其他業,2025-07-11 02:58
8489,三貝德,上櫃,其他業,2025-07-11 02:58
8499,鼎炫-KY,上市,其他電子業,2025-07-11 02:58
8905,裕國,上櫃,其他業,2025-07-11 02:58
8906,花王,上櫃,其他業,2025-07-11 02:58
8908,欣雄,上櫃,油電燃氣業,2025-07-11 02:58
8916,光隆,上櫃,其他業,2025-07-11 02:58
8917,欣泰,上櫃,油電燃氣業,2025-07-11 02:58
8921,沈氏,上櫃,其他業,2025-07-11 02:58
8923,時報,上櫃,文化創意業,2025-07-11 02:58
8924,大田,上櫃,運動休閒,2025-07-11 02:58
8926,台汽電,上市,油電燃氣業,2025-07-11 02:58
8927,北基,上櫃,油電燃氣業,2025-07-11 02:58
8928,鉅明,上櫃,運動休閒,2025-07-11 02:58
8929,富堡,上櫃,其他業,2025-07-11 02:58
8930,青鋼,上櫃,鋼鐵工業,2025-07-11 02:58
8931,大汽電,上櫃,油電燃氣業,2025-07-11 02:58
8932,智通*,上櫃,其他業,2025-07-11 02:58
8933,愛地雅,上櫃,運動休閒,2025-07-11 02:58
8935,邦泰,上櫃,其他業,2025-07-11 02:58
8936,國統,上櫃,其他業,2025-07-11 02:58
8937,合騏,上櫃,其他業,2025-07-11 02:58
8938,明安,上櫃,運動休閒,2025-07-11 02:58
8940,新天地,上市,觀光餐旅,2025-07-11 02:58
8941,關中,上櫃,居家生活,2025-07-11 02:58
8942,森鉅,上櫃,其他業,2025-07-11 02:58
8996,高力,上市,電機機械,2025-07-11 02:58
9802,鈺齊-KY,上市,運動休閒,2025-07-11 02:58
9902,台火,上市,其他業,2025-07-11 02:58
9904,寶成,上市,運動休閒,2025-07-11 02:58
9905,大華,上市,其他業,2025-07-11 02:58
9906,欣巴巴,上市,建材營造業,2025-07-11 02:58
9907,統一實,上市,其他業,2025-07-11 02:58
9908,大台北,上市,油電燃氣業,2025-07-11 02:58
9910,豐泰,上市,運動休閒,2025-07-11 02:58
9911,櫻花,上市,居家生活,2025-07-11 02:58
9912,偉聯,上市,電腦及週邊設備業,2025-07-11 02:58
9914,美利達,上市,運動休閒,2025-07-11 02:58
9917,中保科,上市,其他業,2025-07-11 02:58
9918,欣天然,上市,油電燃氣業,2025-07-11 02:58
9919,康那香,上市,其他業,2025-07-11 02:58
9921,巨大,上市,運動休閒,2025-07-11 02:58
9924,福興,上市,居家生活,2025-07-11 02:58
9925,新保,上市,其他業,2025-07-11 02:58
9926,新海,上市,油電燃氣業,2025-07-11 02:58
9927,泰銘,上市,其他業,2025-07-11 02:58
9928,中視,上市,其他業,2025-07-11 02:58
9929,秋雨,上市,其他業,2025-07-11 02:58
9930,中聯資源,上市,綠能環保,2025-07-11 02:58
9931,欣高,上市,油電燃氣業,2025-07-11 02:58
9933,中鼎,上市,其他業,2025-07-11 02:58
9934,成霖,上市,居家生活,2025-07-11 02:58
9935,慶豐富,上市,居家生活,2025-07-11 02:58
9937,全國,上市,油電燃氣業,2025-07-11 02:58
9938,百和,上市,其他業,2025-07-11 02:58
9939,宏全,上市,其他業,2025-07-11 02:58
9940,信義,上市,其他業,2025-07-11 02:58
9941,裕融,上市,其他業,2025-07-11 02:58
9942,茂順,上市,其他業,2025-07-11 02:58
9943,好樂迪,上市,觀光餐旅,2025-07-11 02:58
9944,新麗,上市,其他業,2025-07-11 02:58
9945,潤泰新,上市,其他業,2025-07-11 02:58
9946,三發地產,上市,建材營造業,2025-07-11 02:58
9949,琉園,上櫃,文化創意業,2025-07-11 02:58
9950,萬國通,上櫃,塑膠工業,2025-07-11 02:58
9951,皇田,上櫃,電機機械,2025-07-11 02:58
9955,佳龍,上市,綠能環保,2025-07-11 02:58
9958,世紀鋼,上市,鋼鐵工業,2025-07-11 02:58
9960,邁達康,上櫃,運動休閒,2025-07-11 02:58
9962,有益,上櫃,鋼鐵工業,2025-07-11 02:58
